SiteID,SiteName,SampleDate,Year,Rep_Num,Number_Limpets,Radius_m,Density
AKP_B10_RI_01,Kukak Bay,2023-07-03,2023,1,29,1,9.231
AKP_B10_RI_01,Kukak Bay,2023-07-03,2023,2,41,1,13.051
AKP_B10_RI_01,Kukak Bay,2023-07-03,2023,3,9,1,2.865
AKP_B10_RI_01,Kukak Bay,2023-07-03,2023,4,19,1,6.048
AKP_B10_RI_01,Kukak Bay,2023-07-03,2023,5,20,0.5,25.465
AKP_B10_RI_01,Kukak Bay,2023-07-03,2023,6,29,1,9.231
AKP_B10_RI_01,Kukak Bay,2022-07-14,2022,1,20,0.53,22.664
AKP_B10_RI_01,Kukak Bay,2022-07-14,2022,2,20,0.97,6.766
AKP_B10_RI_01,Kukak Bay,2022-07-14,2022,3,4,1,1.273
AKP_B10_RI_01,Kukak Bay,2022-07-14,2022,4,14,1,4.456
AKP_B10_RI_01,Kukak Bay,2022-07-14,2022,5,20,0.4,39.789
AKP_B10_RI_01,Kukak Bay,2022-07-14,2022,6,22,0.5,28.011
AKP_B10_RI_01,Kukak Bay,2021-07-13,2021,1,13,1,4.138
AKP_B10_RI_01,Kukak Bay,2021-07-13,2021,2,20,0.79,10.201
AKP_B10_RI_01,Kukak Bay,2021-07-13,2021,3,19,1,6.048
AKP_B10_RI_01,Kukak Bay,2021-07-13,2021,4,0,1,0
AKP_B10_RI_01,Kukak Bay,2021-07-13,2021,5,12,1,3.82
AKP_B10_RI_01,Kukak Bay,2019-07-02,2019,1,10,1,3.183
AKP_B10_RI_01,Kukak Bay,2019-07-02,2019,2,9,1,2.865
AKP_B10_RI_01,Kukak Bay,2019-07-02,2019,3,20,0.8,9.947
AKP_B10_RI_01,Kukak Bay,2019-07-02,2019,4,20,0.71,12.629
AKP_B10_RI_01,Kukak Bay,2019-07-02,2019,5,20,0.6,17.684
AKP_B10_RI_01,Kukak Bay,2019-07-02,2019,6,5,1,1.592
AKP_B10_RI_01,Kukak Bay,2018-07-11,2018,1,20,0.53,22.664
AKP_B10_RI_01,Kukak Bay,2018-07-11,2018,2,20,0.7,12.992
AKP_B10_RI_01,Kukak Bay,2018-07-11,2018,3,0,1,0
AKP_B10_RI_01,Kukak Bay,2018-07-11,2018,4,20,0.26,94.175
AKP_B10_RI_01,Kukak Bay,2018-07-11,2018,5,20,0.88,8.221
AKP_B10_RI_01,Kukak Bay,2018-07-11,2018,6,20,0.65,15.068
AKP_B10_RI_01,Kukak Bay,2017-06-25,2017,1,20,0.87,8.411
AKP_B10_RI_01,Kukak Bay,2017-06-25,2017,2,20,0.31,66.246
AKP_B10_RI_01,Kukak Bay,2017-06-25,2017,3,20,0.99,6.495
AKP_B10_RI_01,Kukak Bay,2017-06-25,2017,4,20,0.93,7.361
AKP_B10_RI_01,Kukak Bay,2017-06-25,2017,5,20,0.43,34.43
AKP_B10_RI_01,Kukak Bay,2017-06-25,2017,6,20,0.67,14.182
AKP_B10_RI_01,Kukak Bay,2016-07-05,2016,1,20,1,6.366
AKP_B10_RI_01,Kukak Bay,2016-07-05,2016,2,21,1,6.685
AKP_B10_RI_01,Kukak Bay,2016-07-05,2016,3,20,0.86,8.608
AKP_B10_RI_01,Kukak Bay,2016-07-05,2016,4,20,0.47,28.819
AKP_B10_RI_01,Kukak Bay,2016-07-05,2016,5,20,1,6.366
AKP_B10_RI_01,Kukak Bay,2016-07-05,2016,6,13,1,4.138
AKP_B10_RI_01,Kukak Bay,2015-07-04,2015,1,20,0.89,8.037
AKP_B10_RI_01,Kukak Bay,2015-07-04,2015,2,20,1,6.366
AKP_B10_RI_01,Kukak Bay,2015-07-04,2015,3,20,0.43,34.43
AKP_B10_RI_01,Kukak Bay,2015-07-04,2015,4,20,0.8,9.947
AKP_B10_RI_01,Kukak Bay,2015-07-04,2015,5,3,1,0.955
AKP_B10_RI_01,Kukak Bay,2015-07-04,2015,6,8,1,2.546
AKP_B10_RI_01,Kukak Bay,2014-07-14,2014,1,20,1,6.366
AKP_B10_RI_01,Kukak Bay,2014-07-14,2014,2,20,0.7,12.992
AKP_B10_RI_01,Kukak Bay,2014-07-14,2014,3,20,1.4,3.248
AKP_B10_RI_01,Kukak Bay,2014-07-14,2014,4,20,1.3,3.767
AKP_B10_RI_01,Kukak Bay,2014-07-14,2014,5,20,0.5,25.465
AKP_B10_RI_01,Kukak Bay,2014-07-14,2014,6,20,2.5,1.019
AKP_B10_RI_01,Kukak Bay,2013-07-10,2013,1,20,1.6,2.487
AKP_B10_RI_01,Kukak Bay,2013-07-10,2013,2,20,1.04,5.886
AKP_B10_RI_01,Kukak Bay,2013-07-10,2013,3,20,1.3,3.767
AKP_B10_RI_01,Kukak Bay,2013-07-10,2013,4,20,1.15,4.814
AKP_B10_RI_01,Kukak Bay,2013-07-10,2013,5,20,0.94,7.205
AKP_B10_RI_01,Kukak Bay,2013-07-10,2013,6,20,0.8,9.947
AKP_B10_RI_01,Kukak Bay,2012-07-06,2012,1,20,1.2,4.421
AKP_B10_RI_01,Kukak Bay,2012-07-06,2012,2,20,0.87,8.411
AKP_B10_RI_01,Kukak Bay,2012-07-06,2012,3,20,1.05,5.774
AKP_B10_RI_01,Kukak Bay,2012-07-06,2012,4,20,0.34,55.071
AKP_B10_RI_01,Kukak Bay,2012-07-06,2012,5,20,0.83,9.241
AKP_B10_RI_01,Kukak Bay,2012-07-06,2012,6,20,0.9,7.86
AKP_B10_RI_01,Kukak Bay,2010-07-14,2010,1,20,0.95,7.054
AKP_B10_RI_01,Kukak Bay,2010-07-14,2010,2,20,0.5,25.465
AKP_B10_RI_01,Kukak Bay,2010-07-14,2010,3,20,0.75,11.318
AKP_B10_RI_01,Kukak Bay,2010-07-14,2010,4,20,0.5,25.465
AKP_B10_RI_01,Kukak Bay,2010-07-14,2010,5,20,0.35,51.969
AKP_B10_RI_01,Kukak Bay,2010-07-14,2010,6,20,0.35,51.969
AKP_B10_RI_02,Kaflia Bay,2023-07-08,2023,1,20,1,6.366
AKP_B10_RI_02,Kaflia Bay,2023-07-08,2023,2,23,0.4,45.757
AKP_B10_RI_02,Kaflia Bay,2023-07-08,2023,3,20,0.87,8.411
AKP_B10_RI_02,Kaflia Bay,2023-07-08,2023,4,22,0.6,19.452
AKP_B10_RI_02,Kaflia Bay,2023-07-08,2023,5,20,0.66,14.615
AKP_B10_RI_02,Kaflia Bay,2023-07-08,2023,6,24,0.4,47.746
AKP_B10_RI_02,Kaflia Bay,2022-07-19,2022,1,25,0.55,26.307
AKP_B10_RI_02,Kaflia Bay,2022-07-19,2022,2,20,0.63,16.04
AKP_B10_RI_02,Kaflia Bay,2022-07-19,2022,3,20,0.96,6.908
AKP_B10_RI_02,Kaflia Bay,2022-07-19,2022,4,4,1,1.273
AKP_B10_RI_02,Kaflia Bay,2022-07-19,2022,5,14,1,4.456
AKP_B10_RI_02,Kaflia Bay,2022-07-19,2022,6,21,0.8,10.445
AKP_B10_RI_02,Kaflia Bay,2021-07-12,2021,1,20,0.72,12.28
AKP_B10_RI_02,Kaflia Bay,2021-07-12,2021,2,20,0.49,26.515
AKP_B10_RI_02,Kaflia Bay,2021-07-12,2021,3,20,1,6.366
AKP_B10_RI_02,Kaflia Bay,2021-07-12,2021,4,20,0.97,6.766
AKP_B10_RI_02,Kaflia Bay,2021-07-12,2021,5,20,0.78,10.464
AKP_B10_RI_02,Kaflia Bay,2021-07-12,2021,6,20,0.68,13.768
AKP_B10_RI_02,Kaflia Bay,2019-07-03,2019,1,20,0.8,9.947
AKP_B10_RI_02,Kaflia Bay,2019-07-03,2019,2,9,1,2.865
AKP_B10_RI_02,Kaflia Bay,2019-07-03,2019,3,1,1,0.318
AKP_B10_RI_02,Kaflia Bay,2019-07-03,2019,4,13,1,4.138
AKP_B10_RI_02,Kaflia Bay,2019-07-03,2019,5,20,0.81,9.703
AKP_B10_RI_02,Kaflia Bay,2019-07-03,2019,6,20,0.45,31.438
AKP_B10_RI_02,Kaflia Bay,2018-07-12,2018,1,20,0.26,94.175
AKP_B10_RI_02,Kaflia Bay,2018-07-12,2018,2,20,0.53,22.664
AKP_B10_RI_02,Kaflia Bay,2018-07-12,2018,3,20,0.56,20.3
AKP_B10_RI_02,Kaflia Bay,2018-07-12,2018,4,20,0.58,18.924
AKP_B10_RI_02,Kaflia Bay,2018-07-12,2018,5,20,0.78,10.464
AKP_B10_RI_02,Kaflia Bay,2018-07-12,2018,6,20,0.55,21.045
AKP_B10_RI_02,Kaflia Bay,2017-06-26,2017,1,20,0.72,12.28
AKP_B10_RI_02,Kaflia Bay,2017-06-26,2017,2,20,1,6.366
AKP_B10_RI_02,Kaflia Bay,2017-06-26,2017,3,20,0.57,19.594
AKP_B10_RI_02,Kaflia Bay,2017-06-26,2017,4,20,0.51,24.476
AKP_B10_RI_02,Kaflia Bay,2017-06-26,2017,5,20,0.56,20.3
AKP_B10_RI_02,Kaflia Bay,2017-06-26,2017,6,20,0.93,7.361
AKP_B10_RI_02,Kaflia Bay,2016-07-06,2016,1,20,1,6.366
AKP_B10_RI_02,Kaflia Bay,2016-07-06,2016,2,20,0.7,12.992
AKP_B10_RI_02,Kaflia Bay,2016-07-06,2016,3,20,0.42,36.09
AKP_B10_RI_02,Kaflia Bay,2016-07-06,2016,4,20,0.4,39.789
AKP_B10_RI_02,Kaflia Bay,2016-07-06,2016,5,20,0.72,12.28
AKP_B10_RI_02,Kaflia Bay,2016-07-06,2016,6,20,0.63,16.04
AKP_B10_RI_02,Kaflia Bay,2015-07-05,2015,1,20,0.2,159.155
AKP_B10_RI_02,Kaflia Bay,2015-07-05,2015,2,20,0.5,25.465
AKP_B10_RI_02,Kaflia Bay,2015-07-05,2015,3,20,0.75,11.318
AKP_B10_RI_02,Kaflia Bay,2015-07-05,2015,4,20,0.24,110.524
AKP_B10_RI_02,Kaflia Bay,2015-07-05,2015,5,20,0.9,7.86
AKP_B10_RI_02,Kaflia Bay,2015-07-05,2015,6,20,0.4,39.789
AKP_B10_RI_02,Kaflia Bay,2014-07-15,2014,1,20,0.81,9.703
AKP_B10_RI_02,Kaflia Bay,2014-07-15,2014,2,20,0.91,7.688
AKP_B10_RI_02,Kaflia Bay,2014-07-15,2014,3,20,0.65,15.068
AKP_B10_RI_02,Kaflia Bay,2014-07-15,2014,4,20,0.89,8.037
AKP_B10_RI_02,Kaflia Bay,2014-07-15,2014,5,20,0.22,131.533
AKP_B10_RI_02,Kaflia Bay,2014-07-15,2014,6,20,0.83,9.241
AKP_B10_RI_02,Kaflia Bay,2013-07-09,2013,1,20,0.95,7.054
AKP_B10_RI_02,Kaflia Bay,2013-07-09,2013,2,20,0.8,9.947
AKP_B10_RI_02,Kaflia Bay,2013-07-09,2013,3,20,0.85,8.811
AKP_B10_RI_02,Kaflia Bay,2013-07-09,2013,4,20,0.8,9.947
AKP_B10_RI_02,Kaflia Bay,2013-07-09,2013,5,20,1.5,2.829
AKP_B10_RI_02,Kaflia Bay,2013-07-09,2013,6,20,1.2,4.421
AKP_B10_RI_02,Kaflia Bay,2012-07-05,2012,1,20,0.98,6.629
AKP_B10_RI_02,Kaflia Bay,2012-07-05,2012,2,20,0.9,7.86
AKP_B10_RI_02,Kaflia Bay,2012-07-05,2012,3,20,0.45,31.438
AKP_B10_RI_02,Kaflia Bay,2012-07-05,2012,4,20,1.17,4.651
AKP_B10_RI_02,Kaflia Bay,2012-07-05,2012,5,20,1.15,4.814
AKP_B10_RI_02,Kaflia Bay,2012-07-05,2012,6,20,0.75,11.318
AKP_B10_RI_02,Kaflia Bay,2010-07-15,2010,1,20,0.3,70.736
AKP_B10_RI_02,Kaflia Bay,2010-07-15,2010,2,20,0.35,51.969
AKP_B10_RI_02,Kaflia Bay,2010-07-15,2010,3,20,0.45,31.438
AKP_B10_RI_02,Kaflia Bay,2010-07-15,2010,4,20,0.45,31.438
AKP_B10_RI_02,Kaflia Bay,2010-07-15,2010,5,20,0.75,11.318
AKP_B10_RI_02,Kaflia Bay,2010-07-15,2010,6,20,0.4,39.789
AKP_B10_RI_03,Kinak Bay,2023-07-06,2023,1,4,1,1.273
AKP_B10_RI_03,Kinak Bay,2023-07-06,2023,2,7,0.77,3.758
AKP_B10_RI_03,Kinak Bay,2023-07-06,2023,3,6,0.85,2.643
AKP_B10_RI_03,Kinak Bay,2023-07-06,2023,4,1,0.95,0.353
AKP_B10_RI_03,Kinak Bay,2023-07-06,2023,5,13,0.95,4.585
AKP_B10_RI_03,Kinak Bay,2023-07-06,2023,6,28,0.45,44.013
AKP_B10_RI_03,Kinak Bay,2022-07-17,2022,1,12,1,3.82
AKP_B10_RI_03,Kinak Bay,2022-07-17,2022,2,6,1,1.91
AKP_B10_RI_03,Kinak Bay,2022-07-17,2022,3,0,1,0
AKP_B10_RI_03,Kinak Bay,2022-07-17,2022,4,7,1,2.228
AKP_B10_RI_03,Kinak Bay,2022-07-17,2022,5,21,0.37,48.828
AKP_B10_RI_03,Kinak Bay,2022-07-17,2022,6,20,0.77,10.737
AKP_B10_RI_03,Kinak Bay,2021-07-11,2021,1,20,0.9,7.86
AKP_B10_RI_03,Kinak Bay,2021-07-11,2021,2,20,0.54,21.832
AKP_B10_RI_03,Kinak Bay,2021-07-11,2021,3,20,0.57,19.594
AKP_B10_RI_03,Kinak Bay,2021-07-11,2021,4,20,0.3,70.736
AKP_B10_RI_03,Kinak Bay,2021-07-11,2021,5,20,0.55,21.045
AKP_B10_RI_03,Kinak Bay,2021-07-11,2021,6,20,1.2,4.421
AKP_B10_RI_03,Kinak Bay,2019-07-06,2019,1,2,1,0.637
AKP_B10_RI_03,Kinak Bay,2019-07-06,2019,2,20,0.8,9.947
AKP_B10_RI_03,Kinak Bay,2019-07-06,2019,3,13,1,4.138
AKP_B10_RI_03,Kinak Bay,2019-07-06,2019,4,2,1,0.637
AKP_B10_RI_03,Kinak Bay,2019-07-06,2019,5,20,0.97,6.766
AKP_B10_RI_03,Kinak Bay,2019-07-06,2019,6,20,0.4,39.789
AKP_B10_RI_03,Kinak Bay,2018-07-13,2018,1,20,0.35,51.969
AKP_B10_RI_03,Kinak Bay,2018-07-13,2018,2,20,0.64,15.542
AKP_B10_RI_03,Kinak Bay,2018-07-13,2018,3,20,0.38,44.087
AKP_B10_RI_03,Kinak Bay,2018-07-13,2018,4,20,0.55,21.045
AKP_B10_RI_03,Kinak Bay,2018-07-13,2018,5,20,0.6,17.684
AKP_B10_RI_03,Kinak Bay,2018-07-13,2018,6,20,0.31,66.246
AKP_B10_RI_03,Kinak Bay,2017-06-24,2017,1,20,0.63,16.04
AKP_B10_RI_03,Kinak Bay,2017-06-24,2017,2,20,0.56,20.3
AKP_B10_RI_03,Kinak Bay,2017-06-24,2017,3,20,0.62,16.561
AKP_B10_RI_03,Kinak Bay,2017-06-24,2017,4,20,0.65,15.068
AKP_B10_RI_03,Kinak Bay,2017-06-24,2017,5,15,1,4.775
AKP_B10_RI_03,Kinak Bay,2017-06-24,2017,6,20,0.54,21.832
AKP_B10_RI_03,Kinak Bay,2016-07-03,2016,1,20,0.41,37.871
AKP_B10_RI_03,Kinak Bay,2016-07-03,2016,2,20,0.6,17.684
AKP_B10_RI_03,Kinak Bay,2016-07-03,2016,3,20,0.46,30.086
AKP_B10_RI_03,Kinak Bay,2016-07-03,2016,4,20,0.58,18.924
AKP_B10_RI_03,Kinak Bay,2016-07-03,2016,5,20,0.55,21.045
AKP_B10_RI_03,Kinak Bay,2016-07-03,2016,6,20,0.66,14.615
AKP_B10_RI_03,Kinak Bay,2015-07-03,2015,1,20,0.5,25.465
AKP_B10_RI_03,Kinak Bay,2015-07-03,2015,2,20,0.75,11.318
AKP_B10_RI_03,Kinak Bay,2015-07-03,2015,3,20,0.5,25.465
AKP_B10_RI_03,Kinak Bay,2015-07-03,2015,4,20,0.5,25.465
AKP_B10_RI_03,Kinak Bay,2015-07-03,2015,5,20,0.64,15.542
AKP_B10_RI_03,Kinak Bay,2015-07-03,2015,6,20,0.42,36.09
AKP_B10_RI_03,Kinak Bay,2014-07-13,2014,1,20,0.47,28.819
AKP_B10_RI_03,Kinak Bay,2014-07-13,2014,2,20,0.35,51.969
AKP_B10_RI_03,Kinak Bay,2014-07-13,2014,3,20,0.38,44.087
AKP_B10_RI_03,Kinak Bay,2014-07-13,2014,4,20,0.68,13.768
AKP_B10_RI_03,Kinak Bay,2014-07-13,2014,5,20,0.6,17.684
AKP_B10_RI_03,Kinak Bay,2014-07-13,2014,6,20,0.48,27.631
AKP_B10_RI_03,Kinak Bay,2013-07-08,2013,1,20,1.2,4.421
AKP_B10_RI_03,Kinak Bay,2013-07-08,2013,2,20,1,6.366
AKP_B10_RI_03,Kinak Bay,2013-07-08,2013,3,20,0.45,31.438
AKP_B10_RI_03,Kinak Bay,2013-07-08,2013,4,20,1,6.366
AKP_B10_RI_03,Kinak Bay,2013-07-08,2013,5,20,0.55,21.045
AKP_B10_RI_03,Kinak Bay,2013-07-08,2013,6,20,1.15,4.814
AKP_B10_RI_03,Kinak Bay,2012-07-03,2012,1,20,1.3,3.767
AKP_B10_RI_03,Kinak Bay,2012-07-03,2012,2,20,0.67,14.182
AKP_B10_RI_03,Kinak Bay,2012-07-03,2012,3,20,0.67,14.182
AKP_B10_RI_03,Kinak Bay,2012-07-03,2012,4,20,0.37,46.503
AKP_B10_RI_03,Kinak Bay,2012-07-03,2012,5,20,0.4,39.789
AKP_B10_RI_03,Kinak Bay,2012-07-03,2012,6,20,1,6.366
AKP_B10_RI_03,Kinak Bay,2010-07-12,2010,1,20,0.4,39.789
AKP_B10_RI_03,Kinak Bay,2010-07-12,2010,2,20,0.5,25.465
AKP_B10_RI_03,Kinak Bay,2010-07-12,2010,3,20,0.4,39.789
AKP_B10_RI_03,Kinak Bay,2010-07-12,2010,4,20,0.46,30.086
AKP_B10_RI_03,Kinak Bay,2010-07-12,2010,5,20,0.55,21.045
AKP_B10_RI_03,Kinak Bay,2010-07-12,2010,6,20,0.51,24.476
AKP_B10_RI_04,Amalik Bay,2023-07-04,2023,1,2,1,0.637
AKP_B10_RI_04,Amalik Bay,2023-07-04,2023,2,15,1,4.775
AKP_B10_RI_04,Amalik Bay,2023-07-04,2023,3,12,1,3.82
AKP_B10_RI_04,Amalik Bay,2023-07-04,2023,4,27,0.5,34.377
AKP_B10_RI_04,Amalik Bay,2023-07-04,2023,5,22,0.87,9.252
AKP_B10_RI_04,Amalik Bay,2023-07-04,2023,6,15,1,4.775
AKP_B10_RI_04,Amalik Bay,2022-07-15,2022,1,1,1,0.318
AKP_B10_RI_04,Amalik Bay,2022-07-15,2022,2,23,0.8,11.439
AKP_B10_RI_04,Amalik Bay,2022-07-15,2022,3,9,1,2.865
AKP_B10_RI_04,Amalik Bay,2022-07-15,2022,4,6,1,1.91
AKP_B10_RI_04,Amalik Bay,2022-07-15,2022,5,1,1,0.318
AKP_B10_RI_04,Amalik Bay,2022-07-15,2022,6,6,1,1.91
AKP_B10_RI_04,Amalik Bay,2021-07-09,2021,1,6,1,1.91
AKP_B10_RI_04,Amalik Bay,2021-07-09,2021,2,6,1,1.91
AKP_B10_RI_04,Amalik Bay,2021-07-09,2021,3,12,1,3.82
AKP_B10_RI_04,Amalik Bay,2021-07-09,2021,4,30,1,9.549
AKP_B10_RI_04,Amalik Bay,2021-07-09,2021,5,5,1,1.592
AKP_B10_RI_04,Amalik Bay,2021-07-09,2021,6,0,1,0
AKP_B10_RI_04,Amalik Bay,2019-07-04,2019,1,0,1,0
AKP_B10_RI_04,Amalik Bay,2019-07-04,2019,2,20,1,6.366
AKP_B10_RI_04,Amalik Bay,2019-07-04,2019,3,3,1,0.955
AKP_B10_RI_04,Amalik Bay,2019-07-04,2019,4,20,1,6.366
AKP_B10_RI_04,Amalik Bay,2019-07-04,2019,5,0,1,0
AKP_B10_RI_04,Amalik Bay,2019-07-04,2019,6,0,1,0
AKP_B10_RI_04,Amalik Bay,2018-07-14,2018,1,2,1,0.637
AKP_B10_RI_04,Amalik Bay,2018-07-14,2018,2,20,1,6.366
AKP_B10_RI_04,Amalik Bay,2018-07-14,2018,3,20,1,6.366
AKP_B10_RI_04,Amalik Bay,2018-07-14,2018,4,20,0.18,196.488
AKP_B10_RI_04,Amalik Bay,2018-07-14,2018,5,20,0.97,6.766
AKP_B10_RI_04,Amalik Bay,2018-07-14,2018,6,20,0.79,10.201
AKP_B10_RI_04,Amalik Bay,2017-06-22,2017,1,7,1,2.228
AKP_B10_RI_04,Amalik Bay,2017-06-22,2017,2,4,1,1.273
AKP_B10_RI_04,Amalik Bay,2017-06-22,2017,3,3,1,0.955
AKP_B10_RI_04,Amalik Bay,2017-06-22,2017,4,20,1,6.366
AKP_B10_RI_04,Amalik Bay,2017-06-22,2017,5,1,1,0.318
AKP_B10_RI_04,Amalik Bay,2017-06-22,2017,6,1,1,0.318
AKP_B10_RI_04,Amalik Bay,2016-07-02,2016,1,20,1,6.366
AKP_B10_RI_04,Amalik Bay,2016-07-02,2016,2,20,1,6.366
AKP_B10_RI_04,Amalik Bay,2016-07-02,2016,3,3,1,0.955
AKP_B10_RI_04,Amalik Bay,2016-07-02,2016,4,20,0.35,51.969
AKP_B10_RI_04,Amalik Bay,2016-07-02,2016,5,20,0.74,11.626
AKP_B10_RI_04,Amalik Bay,2016-07-02,2016,6,20,0.3,70.736
AKP_B10_RI_04,Amalik Bay,2015-07-01,2015,1,20,0.43,34.43
AKP_B10_RI_04,Amalik Bay,2015-07-01,2015,2,20,1.04,5.886
AKP_B10_RI_04,Amalik Bay,2015-07-01,2015,3,20,0.8,9.947
AKP_B10_RI_04,Amalik Bay,2015-07-01,2015,4,20,4,0.398
AKP_B10_RI_04,Amalik Bay,2015-07-01,2015,5,20,1.21,4.348
AKP_B10_RI_04,Amalik Bay,2015-07-01,2015,6,20,0.67,14.182
AKP_B10_RI_04,Amalik Bay,2014-07-11,2014,1,20,1.9,1.763
AKP_B10_RI_04,Amalik Bay,2014-07-11,2014,2,20,0.4,39.789
AKP_B10_RI_04,Amalik Bay,2014-07-11,2014,3,20,0.9,7.86
AKP_B10_RI_04,Amalik Bay,2014-07-11,2014,4,20,1.1,5.261
AKP_B10_RI_04,Amalik Bay,2014-07-11,2014,5,20,0.5,25.465
AKP_B10_RI_04,Amalik Bay,2014-07-11,2014,6,20,1.1,5.261
AKP_B10_RI_04,Amalik Bay,2013-07-07,2013,1,20,3.05,0.684
AKP_B10_RI_04,Amalik Bay,2013-07-07,2013,2,20,3.2,0.622
AKP_B10_RI_04,Amalik Bay,2013-07-07,2013,3,20,2.35,1.153
AKP_B10_RI_04,Amalik Bay,2013-07-07,2013,4,20,0.77,10.737
AKP_B10_RI_04,Amalik Bay,2013-07-07,2013,5,20,1.6,2.487
AKP_B10_RI_04,Amalik Bay,2013-07-07,2013,6,20,1.65,2.338
AKP_B10_RI_04,Amalik Bay,2012-07-02,2012,1,20,1.4,3.248
AKP_B10_RI_04,Amalik Bay,2012-07-02,2012,2,20,0.9,7.86
AKP_B10_RI_04,Amalik Bay,2012-07-02,2012,3,20,1.5,2.829
AKP_B10_RI_04,Amalik Bay,2012-07-02,2012,4,20,1.3,3.767
AKP_B10_RI_04,Amalik Bay,2012-07-02,2012,5,20,0.88,8.221
AKP_B10_RI_04,Amalik Bay,2012-07-02,2012,6,20,2.5,1.019
AKP_B10_RI_04,Amalik Bay,2010-07-10,2010,1,20,1.2,4.421
AKP_B10_RI_04,Amalik Bay,2010-07-10,2010,2,20,1.3,3.767
AKP_B10_RI_04,Amalik Bay,2010-07-10,2010,3,20,1.1,5.261
AKP_B10_RI_04,Amalik Bay,2010-07-10,2010,4,20,2.8,0.812
AKP_B10_RI_04,Amalik Bay,2010-07-10,2010,5,20,1.3,3.767
AKP_B10_RI_04,Amalik Bay,2010-07-10,2010,6,20,1.2,4.421
AKP_B10_RI_05,Takli Island,2023-07-05,2023,1,20,0.3,70.736
AKP_B10_RI_05,Takli Island,2023-07-05,2023,2,23,0.48,31.776
AKP_B10_RI_05,Takli Island,2023-07-05,2023,3,21,0.39,43.948
AKP_B10_RI_05,Takli Island,2023-07-05,2023,4,20,0.76,11.022
AKP_B10_RI_05,Takli Island,2023-07-05,2023,5,25,0.37,58.128
AKP_B10_RI_05,Takli Island,2023-07-05,2023,6,20,0.8,9.947
AKP_B10_RI_05,Takli Island,2022-07-15,2022,1,20,0.28,81.202
AKP_B10_RI_05,Takli Island,2022-07-15,2022,2,20,0.47,28.819
AKP_B10_RI_05,Takli Island,2022-07-15,2022,3,20,0.27,87.328
AKP_B10_RI_05,Takli Island,2022-07-15,2022,4,20,0.56,20.3
AKP_B10_RI_05,Takli Island,2022-07-15,2022,5,20,0.4,39.789
AKP_B10_RI_05,Takli Island,2022-07-15,2022,6,20,0.34,55.071
AKP_B10_RI_05,Takli Island,2021-07-10,2021,1,20,0.25,101.859
AKP_B10_RI_05,Takli Island,2021-07-10,2021,2,20,0.5,25.465
AKP_B10_RI_05,Takli Island,2021-07-10,2021,3,20,0.58,18.924
AKP_B10_RI_05,Takli Island,2021-07-10,2021,4,20,0.6,17.684
AKP_B10_RI_05,Takli Island,2021-07-10,2021,5,20,0.39,41.855
AKP_B10_RI_05,Takli Island,2021-07-10,2021,6,20,0.59,18.288
AKP_B10_RI_05,Takli Island,2019-07-05,2019,1,20,0.47,28.819
AKP_B10_RI_05,Takli Island,2019-07-05,2019,2,20,0.25,101.859
AKP_B10_RI_05,Takli Island,2019-07-05,2019,3,20,0.9,7.86
AKP_B10_RI_05,Takli Island,2019-07-05,2019,4,20,0.9,7.86
AKP_B10_RI_05,Takli Island,2019-07-05,2019,5,20,1,6.366
AKP_B10_RI_05,Takli Island,2019-07-05,2019,6,20,0.4,39.789
AKP_B10_RI_05,Takli Island,2018-07-15,2018,1,20,0.56,20.3
AKP_B10_RI_05,Takli Island,2018-07-15,2018,2,20,0.35,51.969
AKP_B10_RI_05,Takli Island,2018-07-15,2018,3,20,0.6,17.684
AKP_B10_RI_05,Takli Island,2018-07-15,2018,4,20,0.57,19.594
AKP_B10_RI_05,Takli Island,2018-07-15,2018,5,20,0.7,12.992
AKP_B10_RI_05,Takli Island,2018-07-15,2018,6,20,0.62,16.561
AKP_B10_RI_05,Takli Island,2017-06-23,2017,1,20,1,6.366
AKP_B10_RI_05,Takli Island,2017-06-23,2017,2,20,0.74,11.626
AKP_B10_RI_05,Takli Island,2017-06-23,2017,3,20,0.6,17.684
AKP_B10_RI_05,Takli Island,2017-06-23,2017,4,20,0.9,7.86
AKP_B10_RI_05,Takli Island,2017-06-23,2017,5,20,0.92,7.522
AKP_B10_RI_05,Takli Island,2017-06-23,2017,6,20,0.92,7.522
AKP_B10_RI_05,Takli Island,2016-07-04,2016,1,20,0.31,66.246
AKP_B10_RI_05,Takli Island,2016-07-04,2016,2,20,0.51,24.476
AKP_B10_RI_05,Takli Island,2016-07-04,2016,3,20,0.37,46.503
AKP_B10_RI_05,Takli Island,2016-07-04,2016,4,20,0.85,8.811
AKP_B10_RI_05,Takli Island,2016-07-04,2016,5,20,0.66,14.615
AKP_B10_RI_05,Takli Island,2016-07-04,2016,6,20,0.71,12.629
AKP_B10_RI_05,Takli Island,2015-07-02,2015,1,20,0.6,17.684
AKP_B10_RI_05,Takli Island,2015-07-02,2015,2,20,0.6,17.684
AKP_B10_RI_05,Takli Island,2015-07-02,2015,3,20,1,6.366
AKP_B10_RI_05,Takli Island,2015-07-02,2015,4,20,1,6.366
AKP_B10_RI_05,Takli Island,2015-07-02,2015,5,20,1,6.366
AKP_B10_RI_05,Takli Island,2015-07-02,2015,6,20,1,6.366
AKP_B10_RI_05,Takli Island,2014-07-12,2014,1,20,0.83,9.241
AKP_B10_RI_05,Takli Island,2014-07-12,2014,2,20,0.75,11.318
AKP_B10_RI_05,Takli Island,2014-07-12,2014,3,20,0.55,21.045
AKP_B10_RI_05,Takli Island,2014-07-12,2014,4,20,0.82,9.468
AKP_B10_RI_05,Takli Island,2014-07-12,2014,5,20,1.05,5.774
AKP_B10_RI_05,Takli Island,2014-07-12,2014,6,20,0.81,9.703
AKP_B10_RI_05,Takli Island,2013-07-06,2013,1,20,0.72,12.28
AKP_B10_RI_05,Takli Island,2013-07-06,2013,2,20,0.7,12.992
AKP_B10_RI_05,Takli Island,2013-07-06,2013,3,20,0.75,11.318
AKP_B10_RI_05,Takli Island,2013-07-06,2013,4,20,0.6,17.684
AKP_B10_RI_05,Takli Island,2013-07-06,2013,5,20,0.82,9.468
AKP_B10_RI_05,Takli Island,2013-07-06,2013,6,20,0.78,10.464
AKP_B10_RI_05,Takli Island,2012-07-04,2012,1,20,0.27,87.328
AKP_B10_RI_05,Takli Island,2012-07-04,2012,2,20,0.44,32.883
AKP_B10_RI_05,Takli Island,2012-07-04,2012,3,20,0.41,37.871
AKP_B10_RI_05,Takli Island,2012-07-04,2012,4,20,0.5,25.465
AKP_B10_RI_05,Takli Island,2012-07-04,2012,5,20,0.55,21.045
AKP_B10_RI_05,Takli Island,2012-07-04,2012,6,20,0.4,39.789
AKP_B10_RI_05,Takli Island,2010-07-11,2010,1,20,0.24,110.524
AKP_B10_RI_05,Takli Island,2010-07-11,2010,2,20,0.44,32.883
AKP_B10_RI_05,Takli Island,2010-07-11,2010,3,20,0.45,31.438
AKP_B10_RI_05,Takli Island,2010-07-11,2010,4,20,0.3,70.736
AKP_B10_RI_05,Takli Island,2010-07-11,2010,5,20,0.3,70.736
AKP_B10_RI_05,Takli Island,2010-07-11,2010,6,20,0.4,39.789
AKP_B10_RS_01,Ninagiak Island,2013-07-11,2013,1,20,1.15,4.814
AKP_B10_RS_01,Ninagiak Island,2013-07-11,2013,2,20,0.43,34.43
AKP_B10_RS_01,Ninagiak Island,2013-07-11,2013,3,20,1.7,2.203
AKP_B10_RS_01,Ninagiak Island,2013-07-11,2013,4,20,0.7,12.992
AKP_B10_RS_01,Ninagiak Island,2013-07-11,2013,5,20,1.4,3.248
AKP_B10_RS_01,Ninagiak Island,2013-07-11,2013,6,20,2.2,1.315
KEP_B05_RI_01,Aialik Bay,2023-06-05,2023,1,20,0.44,32.883
KEP_B05_RI_01,Aialik Bay,2023-06-05,2023,2,20,0.36,49.122
KEP_B05_RI_01,Aialik Bay,2023-06-05,2023,3,20,0.32,62.17
KEP_B05_RI_01,Aialik Bay,2023-06-05,2023,4,22,0.38,48.496
KEP_B05_RI_01,Aialik Bay,2023-06-05,2023,5,20,0.52,23.544
KEP_B05_RI_01,Aialik Bay,2023-06-05,2023,6,22,0.57,21.554
KEP_B05_RI_01,Aialik Bay,2022-06-18,2022,1,3,1,0.955
KEP_B05_RI_01,Aialik Bay,2022-06-18,2022,2,0,1,0
KEP_B05_RI_01,Aialik Bay,2022-06-18,2022,3,20,0.4,39.789
KEP_B05_RI_01,Aialik Bay,2022-06-18,2022,4,10,1,3.183
KEP_B05_RI_01,Aialik Bay,2022-06-18,2022,5,18,1,5.73
KEP_B05_RI_01,Aialik Bay,2022-06-18,2022,6,0,1,0
KEP_B05_RI_01,Aialik Bay,2021-06-28,2021,1,0,1,0
KEP_B05_RI_01,Aialik Bay,2021-06-28,2021,2,20,0.98,6.629
KEP_B05_RI_01,Aialik Bay,2021-06-28,2021,3,20,0.63,16.04
KEP_B05_RI_01,Aialik Bay,2021-06-28,2021,4,20,0.9,7.86
KEP_B05_RI_01,Aialik Bay,2021-06-28,2021,5,12,1,3.82
KEP_B05_RI_01,Aialik Bay,2021-06-28,2021,6,20,0.98,6.629
KEP_B05_RI_01,Aialik Bay,2019-06-20,2019,1,20,0.9,7.86
KEP_B05_RI_01,Aialik Bay,2019-06-20,2019,2,0,1,0
KEP_B05_RI_01,Aialik Bay,2019-06-20,2019,3,20,0.55,21.045
KEP_B05_RI_01,Aialik Bay,2019-06-20,2019,4,20,0.6,17.684
KEP_B05_RI_01,Aialik Bay,2019-06-20,2019,5,20,0.8,9.947
KEP_B05_RI_01,Aialik Bay,2019-06-20,2019,6,0,1,0
KEP_B05_RI_01,Aialik Bay,2018-06-16,2018,1,20,1,6.366
KEP_B05_RI_01,Aialik Bay,2018-06-16,2018,2,20,0.7,12.992
KEP_B05_RI_01,Aialik Bay,2018-06-16,2018,3,20,0.5,25.465
KEP_B05_RI_01,Aialik Bay,2018-06-16,2018,4,20,0.4,39.789
KEP_B05_RI_01,Aialik Bay,2018-06-16,2018,5,20,0.6,17.684
KEP_B05_RI_01,Aialik Bay,2018-06-16,2018,6,20,0.4,39.789
KEP_B05_RI_01,Aialik Bay,2017-06-26,2017,1,20,0.93,7.361
KEP_B05_RI_01,Aialik Bay,2017-06-26,2017,2,20,0.81,9.703
KEP_B05_RI_01,Aialik Bay,2017-06-26,2017,3,20,0.77,10.737
KEP_B05_RI_01,Aialik Bay,2017-06-26,2017,4,20,0.6,17.684
KEP_B05_RI_01,Aialik Bay,2017-06-26,2017,5,20,0.56,20.3
KEP_B05_RI_01,Aialik Bay,2017-06-26,2017,6,0,1,0
KEP_B05_RI_01,Aialik Bay,2016-06-24,2016,1,20,1,6.366
KEP_B05_RI_01,Aialik Bay,2016-06-24,2016,2,20,0.9,7.86
KEP_B05_RI_01,Aialik Bay,2016-06-24,2016,3,20,0.67,14.182
KEP_B05_RI_01,Aialik Bay,2016-06-24,2016,4,20,0.6,17.684
KEP_B05_RI_01,Aialik Bay,2016-06-24,2016,5,20,0.1,636.62
KEP_B05_RI_01,Aialik Bay,2016-06-24,2016,6,12,1,3.82
KEP_B05_RI_01,Aialik Bay,2015-06-20,2015,1,20,0.55,21.045
KEP_B05_RI_01,Aialik Bay,2015-06-20,2015,2,20,0.64,15.542
KEP_B05_RI_01,Aialik Bay,2015-06-20,2015,3,20,0.6,17.684
KEP_B05_RI_01,Aialik Bay,2015-06-20,2015,4,20,0.84,9.022
KEP_B05_RI_01,Aialik Bay,2015-06-20,2015,5,16,1,5.093
KEP_B05_RI_01,Aialik Bay,2015-06-20,2015,6,0,1,0
KEP_B05_RI_01,Aialik Bay,2014-06-16,2014,1,20,1.3,3.767
KEP_B05_RI_01,Aialik Bay,2014-06-16,2014,2,20,0.4,39.789
KEP_B05_RI_01,Aialik Bay,2014-06-16,2014,3,20,1,6.366
KEP_B05_RI_01,Aialik Bay,2014-06-16,2014,4,20,0.6,17.684
KEP_B05_RI_01,Aialik Bay,2014-06-16,2014,5,20,0.6,17.684
KEP_B05_RI_01,Aialik Bay,2014-06-16,2014,6,20,0.4,39.789
KEP_B05_RI_01,Aialik Bay,2013-06-26,2013,1,20,0.9,7.86
KEP_B05_RI_01,Aialik Bay,2013-06-26,2013,2,20,1.1,5.261
KEP_B05_RI_01,Aialik Bay,2013-06-26,2013,3,20,0.62,16.561
KEP_B05_RI_01,Aialik Bay,2013-06-26,2013,4,20,1,6.366
KEP_B05_RI_01,Aialik Bay,2013-06-26,2013,5,20,0.7,12.992
KEP_B05_RI_01,Aialik Bay,2013-06-26,2013,6,20,0.46,30.086
KEP_B05_RI_01,Aialik Bay,2012-06-23,2012,1,20,0.75,11.318
KEP_B05_RI_01,Aialik Bay,2012-06-23,2012,2,20,0.8,9.947
KEP_B05_RI_01,Aialik Bay,2012-06-23,2012,3,20,0.7,12.992
KEP_B05_RI_01,Aialik Bay,2012-06-23,2012,4,20,0.9,7.86
KEP_B05_RI_01,Aialik Bay,2012-06-23,2012,5,20,2.4,1.105
KEP_B05_RI_01,Aialik Bay,2012-06-23,2012,6,20,3.8,0.441
KEP_B05_RI_01,Aialik Bay,2011-06-18,2011,1,20,4,0.199
KEP_B05_RI_01,Aialik Bay,2011-06-18,2011,2,20,1.4,1.624
KEP_B05_RI_01,Aialik Bay,2011-06-18,2011,3,20,0.5,12.732
KEP_B05_RI_01,Aialik Bay,2011-06-18,2011,4,20,0.55,10.523
KEP_B05_RI_01,Aialik Bay,2011-06-18,2011,5,20,0.85,4.406
KEP_B05_RI_01,Aialik Bay,2011-06-18,2011,6,20,2.55,0.49
KEP_B05_RI_01,Aialik Bay,2010-06-23,2010,1,20,0.9,7.86
KEP_B05_RI_01,Aialik Bay,2010-06-23,2010,2,20,0.8,9.947
KEP_B05_RI_01,Aialik Bay,2010-06-23,2010,3,20,0.4,39.789
KEP_B05_RI_01,Aialik Bay,2010-06-23,2010,4,20,0.5,25.465
KEP_B05_RI_01,Aialik Bay,2010-06-23,2010,5,20,0.5,25.465
KEP_B05_RI_01,Aialik Bay,2010-06-23,2010,6,20,0.6,17.684
KEP_B05_RI_02,McCarty Fjord,2022-06-16,2022,1,20,0.91,7.688
KEP_B05_RI_02,McCarty Fjord,2022-06-16,2022,2,13,1,4.138
KEP_B05_RI_02,McCarty Fjord,2022-06-16,2022,3,13,1,4.138
KEP_B05_RI_02,McCarty Fjord,2022-06-16,2022,4,20,0.9,7.86
KEP_B05_RI_02,McCarty Fjord,2022-06-16,2022,5,20,0.55,21.045
KEP_B05_RI_02,McCarty Fjord,2022-06-16,2022,6,10,1,3.183
KEP_B05_RI_02,McCarty Fjord,2021-06-25,2021,1,20,0.49,26.515
KEP_B05_RI_02,McCarty Fjord,2021-06-25,2021,2,20,0.81,9.703
KEP_B05_RI_02,McCarty Fjord,2021-06-25,2021,3,14,1,4.456
KEP_B05_RI_02,McCarty Fjord,2021-06-25,2021,4,20,0.73,11.946
KEP_B05_RI_02,McCarty Fjord,2021-06-25,2021,5,20,0.62,16.561
KEP_B05_RI_02,McCarty Fjord,2021-06-25,2021,6,20,0.57,19.594
KEP_B05_RI_02,McCarty Fjord,2019-06-17,2019,1,20,0.34,55.071
KEP_B05_RI_02,McCarty Fjord,2019-06-17,2019,2,20,0.28,81.202
KEP_B05_RI_02,McCarty Fjord,2019-06-17,2019,3,20,0.33,58.459
KEP_B05_RI_02,McCarty Fjord,2019-06-17,2019,4,20,0.45,31.438
KEP_B05_RI_02,McCarty Fjord,2019-06-17,2019,5,20,0.19,176.349
KEP_B05_RI_02,McCarty Fjord,2019-06-17,2019,6,20,0.4,39.789
KEP_B05_RI_02,McCarty Fjord,2018-06-12,2018,1,20,0.5,25.465
KEP_B05_RI_02,McCarty Fjord,2018-06-12,2018,2,20,0.56,20.3
KEP_B05_RI_02,McCarty Fjord,2018-06-12,2018,3,2,1,0.637
KEP_B05_RI_02,McCarty Fjord,2018-06-12,2018,4,20,0.68,13.768
KEP_B05_RI_02,McCarty Fjord,2018-06-12,2018,5,20,0.5,25.465
KEP_B05_RI_02,McCarty Fjord,2018-06-12,2018,6,20,0.6,17.684
KEP_B05_RI_02,McCarty Fjord,2017-06-24,2017,1,20,0.79,10.201
KEP_B05_RI_02,McCarty Fjord,2017-06-24,2017,2,20,0.7,12.992
KEP_B05_RI_02,McCarty Fjord,2017-06-24,2017,3,20,0.76,11.022
KEP_B05_RI_02,McCarty Fjord,2017-06-24,2017,4,0,1,0
KEP_B05_RI_02,McCarty Fjord,2017-06-24,2017,5,20,0.7,12.992
KEP_B05_RI_02,McCarty Fjord,2017-06-24,2017,6,20,0.83,9.241
KEP_B05_RI_02,McCarty Fjord,2016-06-19,2016,1,0,1,0
KEP_B05_RI_02,McCarty Fjord,2016-06-19,2016,2,8,1,2.546
KEP_B05_RI_02,McCarty Fjord,2016-06-19,2016,3,2,1,0.637
KEP_B05_RI_02,McCarty Fjord,2016-06-19,2016,4,0,1,0
KEP_B05_RI_02,McCarty Fjord,2016-06-19,2016,5,0,1,0
KEP_B05_RI_02,McCarty Fjord,2016-06-19,2016,6,1,1,0.318
KEP_B05_RI_02,McCarty Fjord,2015-06-17,2015,1,14,1,4.456
KEP_B05_RI_02,McCarty Fjord,2015-06-17,2015,2,10,1,3.183
KEP_B05_RI_02,McCarty Fjord,2015-06-17,2015,3,4,1,1.273
KEP_B05_RI_02,McCarty Fjord,2015-06-17,2015,4,10,1,3.183
KEP_B05_RI_02,McCarty Fjord,2015-06-17,2015,5,7,1,2.228
KEP_B05_RI_02,McCarty Fjord,2015-06-17,2015,6,5,1,1.592
KEP_B05_RI_02,McCarty Fjord,2014-06-13,2014,1,19,2.1,1.371
KEP_B05_RI_02,McCarty Fjord,2014-06-13,2014,2,20,0.8,9.947
KEP_B05_RI_02,McCarty Fjord,2014-06-13,2014,3,20,1,6.366
KEP_B05_RI_02,McCarty Fjord,2014-06-13,2014,4,20,2.5,1.019
KEP_B05_RI_02,McCarty Fjord,2014-06-13,2014,5,20,2.4,1.105
KEP_B05_RI_02,McCarty Fjord,2014-06-13,2014,6,20,1.1,5.261
KEP_B05_RI_02,McCarty Fjord,2013-06-23,2013,1,20,1.8,1.965
KEP_B05_RI_02,McCarty Fjord,2013-06-23,2013,2,20,1.5,2.829
KEP_B05_RI_02,McCarty Fjord,2013-06-23,2013,3,20,1.8,1.965
KEP_B05_RI_02,McCarty Fjord,2013-06-23,2013,4,20,3.3,0.585
KEP_B05_RI_02,McCarty Fjord,2013-06-23,2013,5,20,1.4,3.248
KEP_B05_RI_02,McCarty Fjord,2013-06-23,2013,6,20,0.8,9.947
KEP_B05_RI_02,McCarty Fjord,2012-06-20,2012,1,20,0.95,7.054
KEP_B05_RI_02,McCarty Fjord,2012-06-20,2012,2,20,0.95,7.054
KEP_B05_RI_02,McCarty Fjord,2012-06-20,2012,3,20,0.6,17.684
KEP_B05_RI_02,McCarty Fjord,2012-06-20,2012,4,20,1.25,4.074
KEP_B05_RI_02,McCarty Fjord,2012-06-20,2012,5,20,0.7,12.992
KEP_B05_RI_02,McCarty Fjord,2012-06-20,2012,6,20,1.25,4.074
KEP_B05_RI_02,McCarty Fjord,2011-06-15,2011,1,20,0.6,8.842
KEP_B05_RI_02,McCarty Fjord,2011-06-15,2011,2,20,0.7,6.496
KEP_B05_RI_02,McCarty Fjord,2011-06-15,2011,3,20,0.95,3.527
KEP_B05_RI_02,McCarty Fjord,2011-06-15,2011,4,20,1,3.183
KEP_B05_RI_02,McCarty Fjord,2011-06-15,2011,5,20,0.55,10.523
KEP_B05_RI_02,McCarty Fjord,2011-06-15,2011,6,20,0.3,35.368
KEP_B05_RI_02,McCarty Fjord,2010-06-26,2010,1,20,0.3,70.736
KEP_B05_RI_02,McCarty Fjord,2010-06-26,2010,2,20,0.7,12.992
KEP_B05_RI_02,McCarty Fjord,2010-06-26,2010,3,20,1.4,3.248
KEP_B05_RI_02,McCarty Fjord,2010-06-26,2010,4,20,1,6.366
KEP_B05_RI_02,McCarty Fjord,2010-06-26,2010,5,20,0.7,12.992
KEP_B05_RI_02,McCarty Fjord,2010-06-26,2010,6,20,1.1,5.261
KEP_B05_RI_03,Nuka Bay,2023-06-03,2023,1,20,0.27,87.328
KEP_B05_RI_03,Nuka Bay,2023-06-03,2023,2,2,1,0.637
KEP_B05_RI_03,Nuka Bay,2023-06-03,2023,3,2,1,0.637
KEP_B05_RI_03,Nuka Bay,2023-06-03,2023,4,10,1,3.183
KEP_B05_RI_03,Nuka Bay,2023-06-03,2023,5,20,0.91,7.688
KEP_B05_RI_03,Nuka Bay,2023-06-03,2023,6,11,1,3.501
KEP_B05_RI_03,Nuka Bay,2022-06-15,2022,1,9,1,2.865
KEP_B05_RI_03,Nuka Bay,2022-06-15,2022,2,20,0.77,10.737
KEP_B05_RI_03,Nuka Bay,2022-06-15,2022,3,20,0.17,220.284
KEP_B05_RI_03,Nuka Bay,2022-06-15,2022,4,12,1,3.82
KEP_B05_RI_03,Nuka Bay,2022-06-15,2022,5,0,1,0
KEP_B05_RI_03,Nuka Bay,2022-06-15,2022,6,0,1,0
KEP_B05_RI_03,Nuka Bay,2019-06-15,2019,1,20,0.55,21.045
KEP_B05_RI_03,Nuka Bay,2019-06-15,2019,2,20,1,6.366
KEP_B05_RI_03,Nuka Bay,2019-06-15,2019,3,20,0.34,55.071
KEP_B05_RI_03,Nuka Bay,2019-06-15,2019,4,13,1,4.138
KEP_B05_RI_03,Nuka Bay,2019-06-15,2019,5,20,0.93,7.361
KEP_B05_RI_03,Nuka Bay,2019-06-15,2019,6,20,0.66,14.615
KEP_B05_RI_03,Nuka Bay,2018-06-13,2018,1,20,0.25,101.859
KEP_B05_RI_03,Nuka Bay,2018-06-13,2018,2,20,1,6.366
KEP_B05_RI_03,Nuka Bay,2018-06-13,2018,3,20,0.28,81.202
KEP_B05_RI_03,Nuka Bay,2018-06-13,2018,4,12,1,3.82
KEP_B05_RI_03,Nuka Bay,2018-06-13,2018,5,20,0.96,6.908
KEP_B05_RI_03,Nuka Bay,2018-06-13,2018,6,20,0.35,51.969
KEP_B05_RI_03,Nuka Bay,2017-06-23,2017,1,20,0.63,16.04
KEP_B05_RI_03,Nuka Bay,2017-06-23,2017,2,20,0.71,12.629
KEP_B05_RI_03,Nuka Bay,2017-06-23,2017,3,20,0.77,10.737
KEP_B05_RI_03,Nuka Bay,2017-06-23,2017,4,20,0.44,32.883
KEP_B05_RI_03,Nuka Bay,2017-06-23,2017,5,20,0.78,10.464
KEP_B05_RI_03,Nuka Bay,2017-06-23,2017,6,20,0.93,7.361
KEP_B05_RI_03,Nuka Bay,2016-06-21,2016,1,20,0.7,12.992
KEP_B05_RI_03,Nuka Bay,2016-06-21,2016,2,20,0.8,9.947
KEP_B05_RI_03,Nuka Bay,2016-06-21,2016,3,20,0.95,7.054
KEP_B05_RI_03,Nuka Bay,2016-06-21,2016,4,20,1,6.366
KEP_B05_RI_03,Nuka Bay,2016-06-21,2016,5,0,1,0
KEP_B05_RI_03,Nuka Bay,2016-06-21,2016,6,0,1,0
KEP_B05_RI_03,Nuka Bay,2015-06-16,2015,1,20,0.41,37.871
KEP_B05_RI_03,Nuka Bay,2015-06-16,2015,2,20,0.45,31.438
KEP_B05_RI_03,Nuka Bay,2015-06-16,2015,3,20,0.83,9.241
KEP_B05_RI_03,Nuka Bay,2015-06-16,2015,4,19,1,6.048
KEP_B05_RI_03,Nuka Bay,2015-06-16,2015,5,20,0.36,49.122
KEP_B05_RI_03,Nuka Bay,2015-06-16,2015,6,20,0.96,6.908
KEP_B05_RI_03,Nuka Bay,2014-06-14,2014,1,20,3.8,0.441
KEP_B05_RI_03,Nuka Bay,2014-06-14,2014,2,20,1.3,3.767
KEP_B05_RI_03,Nuka Bay,2014-06-14,2014,3,20,2.2,1.315
KEP_B05_RI_03,Nuka Bay,2014-06-14,2014,4,7,3.5,0.182
KEP_B05_RI_03,Nuka Bay,2014-06-14,2014,5,20,1,6.366
KEP_B05_RI_03,Nuka Bay,2014-06-14,2014,6,20,3,0.707
KEP_B05_RI_03,Nuka Bay,2013-06-22,2013,1,20,1.1,5.261
KEP_B05_RI_03,Nuka Bay,2013-06-22,2013,2,20,2.6,0.942
KEP_B05_RI_03,Nuka Bay,2013-06-22,2013,3,20,1.8,1.965
KEP_B05_RI_03,Nuka Bay,2013-06-22,2013,4,20,3.4,0.551
KEP_B05_RI_03,Nuka Bay,2013-06-22,2013,5,20,0.9,7.86
KEP_B05_RI_03,Nuka Bay,2013-06-22,2013,6,20,2.1,1.444
KEP_B05_RI_03,Nuka Bay,2012-06-19,2012,1,20,0.5,25.465
KEP_B05_RI_03,Nuka Bay,2012-06-19,2012,2,20,0.75,11.318
KEP_B05_RI_03,Nuka Bay,2012-06-19,2012,3,20,1.05,5.774
KEP_B05_RI_03,Nuka Bay,2012-06-19,2012,4,20,0.83,9.241
KEP_B05_RI_03,Nuka Bay,2012-06-19,2012,5,20,1.07,5.56
KEP_B05_RI_03,Nuka Bay,2012-06-19,2012,6,20,0.62,16.561
KEP_B05_RI_03,Nuka Bay,2011-06-14,2011,1,20,0.5,12.732
KEP_B05_RI_03,Nuka Bay,2011-06-14,2011,2,20,0.4,19.894
KEP_B05_RI_03,Nuka Bay,2011-06-14,2011,3,20,0.9,3.93
KEP_B05_RI_03,Nuka Bay,2011-06-14,2011,4,20,1.5,1.415
KEP_B05_RI_03,Nuka Bay,2011-06-14,2011,5,20,0.8,4.974
KEP_B05_RI_03,Nuka Bay,2011-06-14,2011,6,20,0.6,8.842
KEP_B05_RI_03,Nuka Bay,2010-06-27,2010,1,20,0.6,17.684
KEP_B05_RI_03,Nuka Bay,2010-06-27,2010,2,20,0.45,31.438
KEP_B05_RI_03,Nuka Bay,2010-06-27,2010,3,20,0.5,25.465
KEP_B05_RI_03,Nuka Bay,2010-06-27,2010,4,20,1,6.366
KEP_B05_RI_03,Nuka Bay,2010-06-27,2010,5,20,0.5,25.465
KEP_B05_RI_03,Nuka Bay,2010-06-27,2010,6,20,2,1.592
KEP_B05_RI_04,Nuka Passage,2023-06-04,2023,1,20,0.89,8.037
KEP_B05_RI_04,Nuka Passage,2023-06-04,2023,2,20,0.82,9.468
KEP_B05_RI_04,Nuka Passage,2023-06-04,2023,3,0,1,0
KEP_B05_RI_04,Nuka Passage,2023-06-04,2023,4,20,0.82,9.468
KEP_B05_RI_04,Nuka Passage,2023-06-04,2023,5,20,0.98,6.629
KEP_B05_RI_04,Nuka Passage,2023-06-04,2023,6,20,1,6.366
KEP_B05_RI_04,Nuka Passage,2022-06-14,2022,1,16,1,5.093
KEP_B05_RI_04,Nuka Passage,2022-06-14,2022,2,8,1,2.546
KEP_B05_RI_04,Nuka Passage,2022-06-14,2022,3,16,1,5.093
KEP_B05_RI_04,Nuka Passage,2022-06-14,2022,4,4,1,1.273
KEP_B05_RI_04,Nuka Passage,2022-06-14,2022,5,11,1,3.501
KEP_B05_RI_04,Nuka Passage,2022-06-14,2022,6,25,1,7.958
KEP_B05_RI_04,Nuka Passage,2021-06-26,2021,1,20,0.83,9.241
KEP_B05_RI_04,Nuka Passage,2021-06-26,2021,2,10,1,3.183
KEP_B05_RI_04,Nuka Passage,2021-06-26,2021,3,20,0.92,7.522
KEP_B05_RI_04,Nuka Passage,2021-06-26,2021,4,20,0.81,9.703
KEP_B05_RI_04,Nuka Passage,2021-06-26,2021,5,20,0.78,10.464
KEP_B05_RI_04,Nuka Passage,2021-06-26,2021,6,20,0.34,55.071
KEP_B05_RI_04,Nuka Passage,2019-06-16,2019,1,20,0.78,10.464
KEP_B05_RI_04,Nuka Passage,2019-06-16,2019,2,20,1.5,2.829
KEP_B05_RI_04,Nuka Passage,2019-06-16,2019,3,20,0.67,14.182
KEP_B05_RI_04,Nuka Passage,2019-06-16,2019,4,20,0.95,7.054
KEP_B05_RI_04,Nuka Passage,2019-06-16,2019,5,20,0.68,13.768
KEP_B05_RI_04,Nuka Passage,2019-06-16,2019,6,20,1.4,3.248
KEP_B05_RI_04,Nuka Passage,2018-06-14,2018,1,20,0.41,37.871
KEP_B05_RI_04,Nuka Passage,2018-06-14,2018,2,20,0.47,28.819
KEP_B05_RI_04,Nuka Passage,2018-06-14,2018,3,20,0.38,44.087
KEP_B05_RI_04,Nuka Passage,2018-06-14,2018,4,20,0.26,94.175
KEP_B05_RI_04,Nuka Passage,2018-06-14,2018,5,20,0.34,55.071
KEP_B05_RI_04,Nuka Passage,2018-06-14,2018,6,20,0.58,18.924
KEP_B05_RI_04,Nuka Passage,2017-06-22,2017,1,20,0.36,49.122
KEP_B05_RI_04,Nuka Passage,2017-06-22,2017,2,20,0.49,26.515
KEP_B05_RI_04,Nuka Passage,2017-06-22,2017,3,20,0.55,21.045
KEP_B05_RI_04,Nuka Passage,2017-06-22,2017,4,20,0.58,18.924
KEP_B05_RI_04,Nuka Passage,2017-06-22,2017,5,20,0.41,37.871
KEP_B05_RI_04,Nuka Passage,2017-06-22,2017,6,20,0.19,176.349
KEP_B05_RI_04,Nuka Passage,2016-06-20,2016,1,20,0.77,10.737
KEP_B05_RI_04,Nuka Passage,2016-06-20,2016,2,20,1,6.366
KEP_B05_RI_04,Nuka Passage,2016-06-20,2016,3,20,0.47,28.819
KEP_B05_RI_04,Nuka Passage,2016-06-20,2016,4,20,0.88,8.221
KEP_B05_RI_04,Nuka Passage,2016-06-20,2016,5,20,0.9,7.86
KEP_B05_RI_04,Nuka Passage,2016-06-20,2016,6,20,0.78,10.464
KEP_B05_RI_04,Nuka Passage,2015-06-15,2015,1,20,1,6.366
KEP_B05_RI_04,Nuka Passage,2015-06-15,2015,2,13,1,4.138
KEP_B05_RI_04,Nuka Passage,2015-06-15,2015,3,20,0.8,9.947
KEP_B05_RI_04,Nuka Passage,2015-06-15,2015,4,20,0.89,8.037
KEP_B05_RI_04,Nuka Passage,2015-06-15,2015,5,19,1,6.048
KEP_B05_RI_04,Nuka Passage,2015-06-15,2015,6,20,0.98,6.629
KEP_B05_RI_04,Nuka Passage,2014-06-12,2014,1,20,1.4,3.248
KEP_B05_RI_04,Nuka Passage,2014-06-12,2014,2,20,1.2,4.421
KEP_B05_RI_04,Nuka Passage,2014-06-12,2014,3,20,0.8,9.947
KEP_B05_RI_04,Nuka Passage,2014-06-12,2014,4,20,0.8,9.947
KEP_B05_RI_04,Nuka Passage,2014-06-12,2014,5,20,0.6,17.684
KEP_B05_RI_04,Nuka Passage,2014-06-12,2014,6,20,0.5,25.465
KEP_B05_RI_04,Nuka Passage,2013-06-21,2013,1,20,1,6.366
KEP_B05_RI_04,Nuka Passage,2013-06-21,2013,2,20,0.45,31.438
KEP_B05_RI_04,Nuka Passage,2013-06-21,2013,3,20,0.65,15.068
KEP_B05_RI_04,Nuka Passage,2013-06-21,2013,4,20,0.65,15.068
KEP_B05_RI_04,Nuka Passage,2013-06-21,2013,5,20,0.5,25.465
KEP_B05_RI_04,Nuka Passage,2013-06-21,2013,6,20,0.65,15.068
KEP_B05_RI_04,Nuka Passage,2012-06-18,2012,1,20,0.6,17.684
KEP_B05_RI_04,Nuka Passage,2012-06-18,2012,2,20,1.8,1.965
KEP_B05_RI_04,Nuka Passage,2012-06-18,2012,3,20,0.9,7.86
KEP_B05_RI_04,Nuka Passage,2012-06-18,2012,4,20,1.5,2.829
KEP_B05_RI_04,Nuka Passage,2012-06-18,2012,5,20,0.9,7.86
KEP_B05_RI_04,Nuka Passage,2012-06-18,2012,6,20,0.5,25.465
KEP_B05_RI_04,Nuka Passage,2011-06-13,2011,1,20,0.5,12.732
KEP_B05_RI_04,Nuka Passage,2011-06-13,2011,2,20,1.1,2.631
KEP_B05_RI_04,Nuka Passage,2011-06-13,2011,3,20,0.4,19.894
KEP_B05_RI_04,Nuka Passage,2011-06-13,2011,4,20,0.43,17.215
KEP_B05_RI_04,Nuka Passage,2011-06-13,2011,5,20,0.48,13.816
KEP_B05_RI_04,Nuka Passage,2011-06-13,2011,6,19,0.8,4.725
KEP_B05_RI_04,Nuka Passage,2010-06-28,2010,1,20,1.4,3.248
KEP_B05_RI_04,Nuka Passage,2010-06-28,2010,2,20,1.1,5.261
KEP_B05_RI_04,Nuka Passage,2010-06-28,2010,3,20,0.2,159.155
KEP_B05_RI_04,Nuka Passage,2010-06-28,2010,4,20,0.5,25.465
KEP_B05_RI_04,Nuka Passage,2010-06-28,2010,5,20,0.4,39.789
KEP_B05_RI_04,Nuka Passage,2010-06-28,2010,6,20,0.4,39.789
KEP_B05_RI_05,Harris Bay,2023-06-08,2023,1,4,1,1.273
KEP_B05_RI_05,Harris Bay,2023-06-08,2023,2,4,1,1.273
KEP_B05_RI_05,Harris Bay,2023-06-08,2023,3,3,1,0.955
KEP_B05_RI_05,Harris Bay,2023-06-08,2023,4,0,1,0
KEP_B05_RI_05,Harris Bay,2023-06-08,2023,5,19,1,6.048
KEP_B05_RI_05,Harris Bay,2023-06-08,2023,6,16,1,5.093
KEP_B05_RI_05,Harris Bay,2022-06-17,2022,1,20,0.67,14.182
KEP_B05_RI_05,Harris Bay,2022-06-17,2022,2,14,1,4.456
KEP_B05_RI_05,Harris Bay,2022-06-17,2022,3,20,0.7,12.992
KEP_B05_RI_05,Harris Bay,2022-06-17,2022,4,20,0.99,6.495
KEP_B05_RI_05,Harris Bay,2022-06-17,2022,5,20,0.86,8.608
KEP_B05_RI_05,Harris Bay,2022-06-17,2022,6,25,0.32,77.712
KEP_B05_RI_05,Harris Bay,2021-06-27,2021,1,20,0.73,11.946
KEP_B05_RI_05,Harris Bay,2021-06-27,2021,2,20,0.37,46.503
KEP_B05_RI_05,Harris Bay,2021-06-27,2021,3,20,0.25,101.859
KEP_B05_RI_05,Harris Bay,2021-06-27,2021,4,20,0.42,36.09
KEP_B05_RI_05,Harris Bay,2021-06-27,2021,5,20,0.7,12.992
KEP_B05_RI_05,Harris Bay,2021-06-27,2021,6,20,0.83,9.241
KEP_B05_RI_05,Harris Bay,2019-06-19,2019,1,20,0.38,44.087
KEP_B05_RI_05,Harris Bay,2019-06-19,2019,2,20,0.41,37.871
KEP_B05_RI_05,Harris Bay,2019-06-19,2019,3,20,0.27,87.328
KEP_B05_RI_05,Harris Bay,2019-06-19,2019,4,20,0.42,36.09
KEP_B05_RI_05,Harris Bay,2019-06-19,2019,5,20,0.29,75.698
KEP_B05_RI_05,Harris Bay,2019-06-19,2019,6,20,0.31,66.246
KEP_B05_RI_05,Harris Bay,2018-06-15,2018,1,20,0.26,94.175
KEP_B05_RI_05,Harris Bay,2018-06-15,2018,2,20,0.32,62.17
KEP_B05_RI_05,Harris Bay,2018-06-15,2018,3,20,1,6.366
KEP_B05_RI_05,Harris Bay,2018-06-15,2018,4,20,0.34,55.071
KEP_B05_RI_05,Harris Bay,2018-06-15,2018,5,20,0.38,44.087
KEP_B05_RI_05,Harris Bay,2018-06-15,2018,6,20,0.45,31.438
KEP_B05_RI_05,Harris Bay,2017-06-25,2017,1,2,1,0.637
KEP_B05_RI_05,Harris Bay,2017-06-25,2017,2,20,0.51,24.476
KEP_B05_RI_05,Harris Bay,2017-06-25,2017,3,20,0.51,24.476
KEP_B05_RI_05,Harris Bay,2017-06-25,2017,4,20,0.55,21.045
KEP_B05_RI_05,Harris Bay,2017-06-25,2017,5,20,0.33,58.459
KEP_B05_RI_05,Harris Bay,2017-06-25,2017,6,20,0.29,75.698
KEP_B05_RI_05,Harris Bay,2016-06-22,2016,1,20,0.73,11.946
KEP_B05_RI_05,Harris Bay,2016-06-22,2016,2,20,0.76,11.022
KEP_B05_RI_05,Harris Bay,2016-06-22,2016,3,20,0.5,25.465
KEP_B05_RI_05,Harris Bay,2016-06-22,2016,4,20,1,6.366
KEP_B05_RI_05,Harris Bay,2016-06-22,2016,5,4,1,1.273
KEP_B05_RI_05,Harris Bay,2016-06-22,2016,6,20,0.85,8.811
KEP_B05_RI_05,Harris Bay,2015-06-19,2015,1,20,0.3,70.736
KEP_B05_RI_05,Harris Bay,2015-06-19,2015,2,20,0.57,19.594
KEP_B05_RI_05,Harris Bay,2015-06-19,2015,3,20,0.5,25.465
KEP_B05_RI_05,Harris Bay,2015-06-19,2015,4,20,0.35,51.969
KEP_B05_RI_05,Harris Bay,2015-06-19,2015,5,20,0.42,36.09
KEP_B05_RI_05,Harris Bay,2015-06-19,2015,6,20,0.28,81.202
KEP_B05_RI_05,Harris Bay,2014-06-15,2014,1,20,1.2,4.421
KEP_B05_RI_05,Harris Bay,2014-06-15,2014,2,20,1.3,3.767
KEP_B05_RI_05,Harris Bay,2014-06-15,2014,3,20,1.9,1.763
KEP_B05_RI_05,Harris Bay,2014-06-15,2014,4,20,2.2,1.315
KEP_B05_RI_05,Harris Bay,2014-06-15,2014,5,20,0.45,31.438
KEP_B05_RI_05,Harris Bay,2014-06-15,2014,6,20,0.6,17.684
KEP_B05_RI_05,Harris Bay,2013-06-25,2013,1,20,1.9,1.763
KEP_B05_RI_05,Harris Bay,2013-06-25,2013,2,20,0.9,7.86
KEP_B05_RI_05,Harris Bay,2013-06-25,2013,3,20,0.8,9.947
KEP_B05_RI_05,Harris Bay,2013-06-25,2013,4,20,2.37,1.133
KEP_B05_RI_05,Harris Bay,2013-06-25,2013,5,20,0.65,15.068
KEP_B05_RI_05,Harris Bay,2013-06-25,2013,6,20,1.2,4.421
KEP_B05_RI_05,Harris Bay,2012-06-22,2012,1,20,1.25,4.074
KEP_B05_RI_05,Harris Bay,2012-06-22,2012,2,20,1.3,3.767
KEP_B05_RI_05,Harris Bay,2012-06-22,2012,3,20,1.6,2.487
KEP_B05_RI_05,Harris Bay,2012-06-22,2012,4,20,1.1,5.261
KEP_B05_RI_05,Harris Bay,2012-06-22,2012,5,20,1.1,5.261
KEP_B05_RI_05,Harris Bay,2012-06-22,2012,6,20,1.1,5.261
KEP_B05_RI_05,Harris Bay,2011-06-17,2011,1,20,0.7,6.496
KEP_B05_RI_05,Harris Bay,2011-06-17,2011,2,20,0.5,12.732
KEP_B05_RI_05,Harris Bay,2011-06-17,2011,3,20,1,3.183
KEP_B05_RI_05,Harris Bay,2011-06-17,2011,4,20,0.5,12.732
KEP_B05_RI_05,Harris Bay,2011-06-17,2011,5,20,0.8,4.974
KEP_B05_RI_05,Harris Bay,2011-06-17,2011,6,20,.,.
KEP_B05_RI_05,Harris Bay,2010-06-24,2010,1,20,0.2,159.155
KEP_B05_RI_05,Harris Bay,2010-06-24,2010,2,20,0.5,25.465
KEP_B05_RI_05,Harris Bay,2010-06-24,2010,3,20,1,6.366
KEP_B05_RI_05,Harris Bay,2010-06-24,2010,4,20,1,6.366
KEP_B05_RI_05,Harris Bay,2010-06-24,2010,5,20,0.6,17.684
KEP_B05_RI_05,Harris Bay,2010-06-24,2010,6,20,1.5,2.829
PWS_B07_RE_01,Cedar Bay,2015-05-17,2015,1,20,0.3,70.736
PWS_B07_RE_01,Cedar Bay,2015-05-17,2015,2,20,0.26,94.175
PWS_B07_RE_01,Cedar Bay,2015-05-17,2015,3,20,0.33,58.459
PWS_B07_RE_01,Cedar Bay,2015-05-17,2015,4,20,0.6,17.684
PWS_B07_RE_01,Cedar Bay,2015-05-17,2015,5,20,0.22,131.533
PWS_B07_RE_01,Cedar Bay,2015-05-17,2015,6,20,0.35,51.969
PWS_B07_RE_01,Cedar Bay,2013-06-09,2013,1,20,0.7,12.992
PWS_B07_RE_01,Cedar Bay,2013-06-09,2013,2,20,0.5,25.465
PWS_B07_RE_01,Cedar Bay,2013-06-09,2013,3,20,0.4,39.789
PWS_B07_RE_01,Cedar Bay,2013-06-09,2013,4,20,1.1,5.261
PWS_B07_RE_01,Cedar Bay,2013-06-09,2013,5,20,0.5,25.465
PWS_B07_RE_01,Cedar Bay,2013-06-09,2013,6,20,0.4,39.789
PWS_B07_RE_02,Esther Passage,2015-05-20,2015,1,20,0.4,39.789
PWS_B07_RE_02,Esther Passage,2015-05-20,2015,2,20,0.6,17.684
PWS_B07_RE_02,Esther Passage,2015-05-20,2015,3,20,0.33,58.459
PWS_B07_RE_02,Esther Passage,2015-05-20,2015,4,20,0.87,8.411
PWS_B07_RE_02,Esther Passage,2015-05-20,2015,5,20,0.19,176.349
PWS_B07_RE_02,Esther Passage,2015-05-20,2015,6,20,0.38,44.087
PWS_B07_RE_02,Esther Passage,2013-06-13,2013,1,20,0.5,25.465
PWS_B07_RE_02,Esther Passage,2013-06-13,2013,2,20,0.9,7.86
PWS_B07_RE_02,Esther Passage,2013-06-13,2013,3,20,0.7,12.992
PWS_B07_RE_02,Esther Passage,2013-06-13,2013,4,20,1,6.366
PWS_B07_RE_02,Esther Passage,2013-06-13,2013,5,20,4,0.398
PWS_B07_RE_02,Esther Passage,2013-06-13,2013,6,20,1.5,2.829
PWS_B07_RE_03,Bettles Bay,2015-05-15,2015,1,20,1.15,4.814
PWS_B07_RE_03,Bettles Bay,2015-05-15,2015,2,20,0.35,51.969
PWS_B07_RE_03,Bettles Bay,2015-05-15,2015,3,20,0.46,30.086
PWS_B07_RE_03,Bettles Bay,2015-05-15,2015,4,20,0.36,49.122
PWS_B07_RE_03,Bettles Bay,2015-05-15,2015,5,20,0.33,58.459
PWS_B07_RE_03,Bettles Bay,2015-05-15,2015,6,20,0.25,101.859
PWS_B07_RE_03,Bettles Bay,2013-06-07,2013,1,20,0.85,8.811
PWS_B07_RE_03,Bettles Bay,2013-06-07,2013,2,20,0.52,23.544
PWS_B07_RE_03,Bettles Bay,2013-06-07,2013,3,20,0.6,17.684
PWS_B07_RE_03,Bettles Bay,2013-06-07,2013,4,20,0.9,7.86
PWS_B07_RE_03,Bettles Bay,2013-06-07,2013,5,20,0.3,70.736
PWS_B07_RE_03,Bettles Bay,2013-06-07,2013,6,20,1.7,2.203
PWS_B07_RE_04,Perry Island,2015-05-19,2015,1,20,1,6.366
PWS_B07_RE_04,Perry Island,2015-05-19,2015,2,17,1,5.411
PWS_B07_RE_04,Perry Island,2015-05-19,2015,3,19,1,6.048
PWS_B07_RE_04,Perry Island,2015-05-19,2015,4,8,1,2.546
PWS_B07_RE_04,Perry Island,2015-05-19,2015,5,7,1,2.228
PWS_B07_RE_04,Perry Island,2015-05-19,2015,6,20,0.38,44.087
PWS_B07_RE_04,Perry Island,2013-06-08,2013,1,20,1.3,3.767
PWS_B07_RE_04,Perry Island,2013-06-08,2013,2,20,4,0.398
PWS_B07_RE_04,Perry Island,2013-06-08,2013,3,20,0.85,8.811
PWS_B07_RE_04,Perry Island,2013-06-08,2013,4,20,2,1.592
PWS_B07_RE_04,Perry Island,2013-06-08,2013,5,20,2,1.592
PWS_B07_RE_04,Perry Island,2013-06-08,2013,6,20,2.8,0.812
PWS_B07_RE_05,Unakwik Inlet,2015-05-18,2015,1,14,1,4.456
PWS_B07_RE_05,Unakwik Inlet,2015-05-18,2015,2,20,0.85,8.811
PWS_B07_RE_05,Unakwik Inlet,2015-05-18,2015,3,16,1,5.093
PWS_B07_RE_05,Unakwik Inlet,2015-05-18,2015,4,20,0.5,25.465
PWS_B07_RE_05,Unakwik Inlet,2015-05-18,2015,5,20,0.91,7.688
PWS_B07_RE_05,Unakwik Inlet,2015-05-18,2015,6,20,0.65,15.068
PWS_B07_RE_05,Unakwik Inlet,2013-06-11,2013,1,20,0.2,159.155
PWS_B07_RE_05,Unakwik Inlet,2013-06-11,2013,2,20,.,.
PWS_B07_RE_05,Unakwik Inlet,2013-06-11,2013,3,20,0.45,31.438
PWS_B07_RE_05,Unakwik Inlet,2013-06-11,2013,4,20,5.3,0.227
PWS_B07_RE_05,Unakwik Inlet,2013-06-11,2013,5,20,5.4,0.218
PWS_B07_RE_05,Unakwik Inlet,2013-06-11,2013,6,20,1.07,5.56
PWS_B08_RI_01,Hogan Bay,2023-05-21,2023,1,20,0.14,324.806
PWS_B08_RI_01,Hogan Bay,2023-05-21,2023,2,20,0.23,120.344
PWS_B08_RI_01,Hogan Bay,2023-05-21,2023,3,20,0.35,51.969
PWS_B08_RI_01,Hogan Bay,2023-05-21,2023,4,3,1,0.955
PWS_B08_RI_01,Hogan Bay,2023-05-21,2023,5,20,0.57,19.594
PWS_B08_RI_01,Hogan Bay,2023-05-21,2023,6,20,0.56,20.3
PWS_B08_RI_01,Hogan Bay,2022-05-28,2022,1,19,0.28,77.141
PWS_B08_RI_01,Hogan Bay,2022-05-28,2022,2,20,0.26,94.175
PWS_B08_RI_01,Hogan Bay,2022-05-28,2022,3,18,1,5.73
PWS_B08_RI_01,Hogan Bay,2022-05-28,2022,4,0,1,0
PWS_B08_RI_01,Hogan Bay,2022-05-28,2022,5,20,0.27,87.328
PWS_B08_RI_01,Hogan Bay,2022-05-28,2022,6,20,0.45,31.438
PWS_B08_RI_01,Hogan Bay,2021-05-26,2021,1,20,0.13,376.698
PWS_B08_RI_01,Hogan Bay,2021-05-26,2021,2,20,0.17,220.284
PWS_B08_RI_01,Hogan Bay,2021-05-26,2021,3,0,1,0
PWS_B08_RI_01,Hogan Bay,2021-05-26,2021,4,20,0.82,9.468
PWS_B08_RI_01,Hogan Bay,2021-05-26,2021,5,20,0.93,7.361
PWS_B08_RI_01,Hogan Bay,2021-05-26,2021,6,20,0.77,10.737
PWS_B08_RI_01,Hogan Bay,2019-06-04,2019,1,20,0.19,176.349
PWS_B08_RI_01,Hogan Bay,2019-06-04,2019,2,20,0.14,324.806
PWS_B08_RI_01,Hogan Bay,2019-06-04,2019,3,20,0.15,282.942
PWS_B08_RI_01,Hogan Bay,2019-06-04,2019,4,20,0.86,8.608
PWS_B08_RI_01,Hogan Bay,2019-06-04,2019,5,20,0.71,12.629
PWS_B08_RI_01,Hogan Bay,2019-06-04,2019,6,20,0.36,49.122
PWS_B08_RI_01,Hogan Bay,2018-05-29,2018,1,20,0.18,196.488
PWS_B08_RI_01,Hogan Bay,2018-05-29,2018,2,20,0.17,220.284
PWS_B08_RI_01,Hogan Bay,2018-05-29,2018,3,20,0.2,159.155
PWS_B08_RI_01,Hogan Bay,2018-05-29,2018,4,0,1,0
PWS_B08_RI_01,Hogan Bay,2018-05-29,2018,5,20,0.32,62.17
PWS_B08_RI_01,Hogan Bay,2018-05-29,2018,6,20,0.72,12.28
PWS_B08_RI_01,Hogan Bay,2017-05-27,2017,1,20,0.6,17.684
PWS_B08_RI_01,Hogan Bay,2017-05-27,2017,2,20,0.27,87.328
PWS_B08_RI_01,Hogan Bay,2017-05-27,2017,3,20,0.32,62.17
PWS_B08_RI_01,Hogan Bay,2017-05-27,2017,4,0,1,0
PWS_B08_RI_01,Hogan Bay,2017-05-27,2017,5,20,0.67,14.182
PWS_B08_RI_01,Hogan Bay,2017-05-27,2017,6,20,0.89,8.037
PWS_B08_RI_01,Hogan Bay,2016-06-06,2016,1,20,0.33,58.459
PWS_B08_RI_01,Hogan Bay,2016-06-06,2016,2,20,0.24,110.524
PWS_B08_RI_01,Hogan Bay,2016-06-06,2016,3,20,0.85,8.811
PWS_B08_RI_01,Hogan Bay,2016-06-06,2016,4,5,1,1.592
PWS_B08_RI_01,Hogan Bay,2016-06-06,2016,5,20,0.15,282.942
PWS_B08_RI_01,Hogan Bay,2016-06-06,2016,6,20,0.26,94.175
PWS_B08_RI_01,Hogan Bay,2015-06-06,2015,1,20,0.35,51.969
PWS_B08_RI_01,Hogan Bay,2015-06-06,2015,2,20,0.15,282.942
PWS_B08_RI_01,Hogan Bay,2015-06-06,2015,3,0,1,0
PWS_B08_RI_01,Hogan Bay,2015-06-06,2015,4,20,0.3,70.736
PWS_B08_RI_01,Hogan Bay,2015-06-06,2015,5,20,0.55,21.045
PWS_B08_RI_01,Hogan Bay,2015-06-06,2015,6,20,0.45,31.438
PWS_B08_RI_01,Hogan Bay,2014-06-30,2014,1,20,0.15,282.942
PWS_B08_RI_01,Hogan Bay,2014-06-30,2014,2,20,0.1,636.62
PWS_B08_RI_01,Hogan Bay,2014-06-30,2014,3,20,0.5,25.465
PWS_B08_RI_01,Hogan Bay,2014-06-30,2014,4,20,2.3,1.203
PWS_B08_RI_01,Hogan Bay,2014-06-30,2014,5,20,0.4,39.789
PWS_B08_RI_01,Hogan Bay,2014-06-30,2014,6,20,0.3,70.736
PWS_B08_RI_01,Hogan Bay,2013-06-26,2013,1,20,0.35,51.969
PWS_B08_RI_01,Hogan Bay,2013-06-26,2013,2,20,0.5,25.465
PWS_B08_RI_01,Hogan Bay,2013-06-26,2013,3,20,0.4,39.789
PWS_B08_RI_01,Hogan Bay,2013-06-26,2013,4,20,6.4,0.155
PWS_B08_RI_01,Hogan Bay,2013-06-26,2013,5,20,0.5,25.465
PWS_B08_RI_01,Hogan Bay,2013-06-26,2013,6,20,0.5,25.465
PWS_B08_RI_01,Hogan Bay,2012-06-20,2012,1,20,0.53,22.664
PWS_B08_RI_01,Hogan Bay,2012-06-20,2012,2,20,0.715,12.453
PWS_B08_RI_01,Hogan Bay,2012-06-20,2012,3,20,0.4,39.789
PWS_B08_RI_01,Hogan Bay,2012-06-20,2012,4,20,2.6,0.942
PWS_B08_RI_01,Hogan Bay,2012-06-20,2012,5,20,0.35,51.969
PWS_B08_RI_01,Hogan Bay,2012-06-20,2012,6,20,0.85,8.811
PWS_B08_RI_01,Hogan Bay,2011-06-16,2011,1,20,0.5,12.732
PWS_B08_RI_01,Hogan Bay,2011-06-16,2011,2,20,0.8,4.974
PWS_B08_RI_01,Hogan Bay,2011-06-16,2011,3,20,8.7,0.042
PWS_B08_RI_01,Hogan Bay,2011-06-16,2011,4,20,0.7,6.496
PWS_B08_RI_01,Hogan Bay,2011-06-16,2011,5,20,0.5,12.732
PWS_B08_RI_01,Hogan Bay,2011-06-16,2011,6,20,2.4,0.553
PWS_B08_RI_01,Hogan Bay,2010-06-27,2010,1,20,0.7,6.496
PWS_B08_RI_01,Hogan Bay,2010-06-27,2010,2,20,0.7,6.496
PWS_B08_RI_01,Hogan Bay,2010-06-27,2010,3,20,6.4,0.078
PWS_B08_RI_01,Hogan Bay,2010-06-27,2010,4,20,0.8,4.974
PWS_B08_RI_01,Hogan Bay,2010-06-27,2010,5,20,1.1,2.631
PWS_B08_RI_01,Hogan Bay,2010-06-27,2010,6,20,1.4,1.624
PWS_B08_RI_02,Iktua Bay,2023-05-22,2023,1,20,0.34,55.071
PWS_B08_RI_02,Iktua Bay,2023-05-22,2023,2,20,0.35,51.969
PWS_B08_RI_02,Iktua Bay,2023-05-22,2023,3,20,0.17,220.284
PWS_B08_RI_02,Iktua Bay,2023-05-22,2023,4,20,0.5,25.465
PWS_B08_RI_02,Iktua Bay,2023-05-22,2023,5,20,0.17,220.284
PWS_B08_RI_02,Iktua Bay,2023-05-22,2023,6,20,0.55,21.045
PWS_B08_RI_02,Iktua Bay,2022-06-01,2022,1,20,0.67,14.182
PWS_B08_RI_02,Iktua Bay,2022-06-01,2022,2,22,0.2,175.07
PWS_B08_RI_02,Iktua Bay,2022-06-01,2022,3,20,0.43,34.43
PWS_B08_RI_02,Iktua Bay,2022-06-01,2022,4,20,0.66,14.615
PWS_B08_RI_02,Iktua Bay,2022-06-01,2022,5,22,0.23,132.378
PWS_B08_RI_02,Iktua Bay,2022-06-01,2022,6,31,0.16,385.453
PWS_B08_RI_02,Iktua Bay,2021-05-30,2021,1,20,1,6.366
PWS_B08_RI_02,Iktua Bay,2021-05-30,2021,2,5,1,1.592
PWS_B08_RI_02,Iktua Bay,2021-05-30,2021,3,11,1,3.501
PWS_B08_RI_02,Iktua Bay,2021-05-30,2021,4,20,0.93,7.361
PWS_B08_RI_02,Iktua Bay,2021-05-30,2021,5,20,0.53,22.664
PWS_B08_RI_02,Iktua Bay,2021-05-30,2021,6,20,0.59,18.288
PWS_B08_RI_02,Iktua Bay,2019-06-03,2019,1,20,0.47,28.819
PWS_B08_RI_02,Iktua Bay,2019-06-03,2019,2,16,1,5.093
PWS_B08_RI_02,Iktua Bay,2019-06-03,2019,3,20,0.56,20.3
PWS_B08_RI_02,Iktua Bay,2019-06-03,2019,4,20,0.28,81.202
PWS_B08_RI_02,Iktua Bay,2019-06-03,2019,5,20,0.58,18.924
PWS_B08_RI_02,Iktua Bay,2019-06-03,2019,6,20,0.18,196.488
PWS_B08_RI_02,Iktua Bay,2018-05-28,2018,1,20,0.35,51.969
PWS_B08_RI_02,Iktua Bay,2018-05-28,2018,2,20,0.3,70.736
PWS_B08_RI_02,Iktua Bay,2018-05-28,2018,3,20,0.36,49.122
PWS_B08_RI_02,Iktua Bay,2018-05-28,2018,4,20,0.37,46.503
PWS_B08_RI_02,Iktua Bay,2018-05-28,2018,5,20,0.2,159.155
PWS_B08_RI_02,Iktua Bay,2018-05-28,2018,6,20,0.27,87.328
PWS_B08_RI_02,Iktua Bay,2017-05-25,2017,1,20,0.97,6.766
PWS_B08_RI_02,Iktua Bay,2017-05-25,2017,2,20,0.61,17.109
PWS_B08_RI_02,Iktua Bay,2017-05-25,2017,3,20,0.45,31.438
PWS_B08_RI_02,Iktua Bay,2017-05-25,2017,4,20,0.98,6.629
PWS_B08_RI_02,Iktua Bay,2017-05-25,2017,5,20,0.28,81.202
PWS_B08_RI_02,Iktua Bay,2017-05-25,2017,6,20,0.53,22.664
PWS_B08_RI_02,Iktua Bay,2016-06-05,2016,1,19,1,6.048
PWS_B08_RI_02,Iktua Bay,2016-06-05,2016,2,16,1,5.093
PWS_B08_RI_02,Iktua Bay,2016-06-05,2016,3,14,1,4.456
PWS_B08_RI_02,Iktua Bay,2016-06-05,2016,4,20,0.36,49.122
PWS_B08_RI_02,Iktua Bay,2016-06-05,2016,5,20,0.8,9.947
PWS_B08_RI_02,Iktua Bay,2016-06-05,2016,6,20,0.32,62.17
PWS_B08_RI_02,Iktua Bay,2015-06-04,2015,1,11,1,3.501
PWS_B08_RI_02,Iktua Bay,2015-06-04,2015,2,20,0.8,9.947
PWS_B08_RI_02,Iktua Bay,2015-06-04,2015,3,20,0.72,12.28
PWS_B08_RI_02,Iktua Bay,2015-06-04,2015,4,20,0.25,101.859
PWS_B08_RI_02,Iktua Bay,2015-06-04,2015,5,20,0.2,159.155
PWS_B08_RI_02,Iktua Bay,2015-06-04,2015,6,20,0.35,51.969
PWS_B08_RI_02,Iktua Bay,2014-06-29,2014,1,20,0.25,101.859
PWS_B08_RI_02,Iktua Bay,2014-06-29,2014,2,20,0.35,51.969
PWS_B08_RI_02,Iktua Bay,2014-06-29,2014,3,20,0.7,12.992
PWS_B08_RI_02,Iktua Bay,2014-06-29,2014,4,20,1.2,4.421
PWS_B08_RI_02,Iktua Bay,2014-06-29,2014,5,20,0.2,159.155
PWS_B08_RI_02,Iktua Bay,2014-06-29,2014,6,20,0.2,159.155
PWS_B08_RI_02,Iktua Bay,2013-06-24,2013,1,20,1,6.366
PWS_B08_RI_02,Iktua Bay,2013-06-24,2013,2,20,0.4,39.789
PWS_B08_RI_02,Iktua Bay,2013-06-24,2013,3,20,1.1,5.261
PWS_B08_RI_02,Iktua Bay,2013-06-24,2013,4,20,1.4,3.248
PWS_B08_RI_02,Iktua Bay,2013-06-24,2013,5,20,0.28,81.202
PWS_B08_RI_02,Iktua Bay,2013-06-24,2013,6,20,0.38,44.087
PWS_B08_RI_02,Iktua Bay,2012-06-19,2012,1,20,1.3,3.767
PWS_B08_RI_02,Iktua Bay,2012-06-19,2012,2,20,1.2,4.421
PWS_B08_RI_02,Iktua Bay,2012-06-19,2012,3,20,1.5,2.829
PWS_B08_RI_02,Iktua Bay,2012-06-19,2012,4,20,0.8,9.947
PWS_B08_RI_02,Iktua Bay,2012-06-19,2012,5,20,3,0.707
PWS_B08_RI_02,Iktua Bay,2011-06-14,2011,1,20,1.6,1.243
PWS_B08_RI_02,Iktua Bay,2011-06-14,2011,2,20,1.2,2.21
PWS_B08_RI_02,Iktua Bay,2011-06-14,2011,3,20,1.4,1.624
PWS_B08_RI_02,Iktua Bay,2011-06-14,2011,4,20,0.8,4.974
PWS_B08_RI_02,Iktua Bay,2011-06-14,2011,5,20,4.8,0.138
PWS_B08_RI_02,Iktua Bay,2011-06-14,2011,6,20,1.7,1.101
PWS_B08_RI_02,Iktua Bay,2010-06-26,2010,1,20,0.68,6.884
PWS_B08_RI_02,Iktua Bay,2010-06-26,2010,2,20,0.7,6.496
PWS_B08_RI_02,Iktua Bay,2010-06-26,2010,3,20,0.98,3.314
PWS_B08_RI_02,Iktua Bay,2010-06-26,2010,4,20,0.5,12.732
PWS_B08_RI_02,Iktua Bay,2010-06-26,2010,5,20,0.9,3.93
PWS_B08_RI_02,Iktua Bay,2010-06-26,2010,6,20,1,3.183
PWS_B08_RI_03,Whale Bay,2023-05-20,2023,1,20,0.35,51.969
PWS_B08_RI_03,Whale Bay,2023-05-20,2023,2,20,0.16,248.68
PWS_B08_RI_03,Whale Bay,2023-05-20,2023,3,20,0.41,37.871
PWS_B08_RI_03,Whale Bay,2023-05-20,2023,4,14,1,4.456
PWS_B08_RI_03,Whale Bay,2023-05-20,2023,5,20,0.36,49.122
PWS_B08_RI_03,Whale Bay,2023-05-20,2023,6,20,0.16,248.68
PWS_B08_RI_03,Whale Bay,2022-05-31,2022,1,20,0.34,55.071
PWS_B08_RI_03,Whale Bay,2022-05-31,2022,2,27,0.26,127.136
PWS_B08_RI_03,Whale Bay,2022-05-31,2022,3,20,0.4,39.789
PWS_B08_RI_03,Whale Bay,2022-05-31,2022,4,21,0.21,151.576
PWS_B08_RI_03,Whale Bay,2022-05-31,2022,5,20,0.44,32.883
PWS_B08_RI_03,Whale Bay,2022-05-31,2022,6,20,0.25,101.859
PWS_B08_RI_03,Whale Bay,2021-05-29,2021,1,20,0.44,32.883
PWS_B08_RI_03,Whale Bay,2021-05-29,2021,2,20,0.3,70.736
PWS_B08_RI_03,Whale Bay,2021-05-29,2021,3,20,0.3,70.736
PWS_B08_RI_03,Whale Bay,2021-05-29,2021,4,20,0.33,58.459
PWS_B08_RI_03,Whale Bay,2021-05-29,2021,5,20,0.56,20.3
PWS_B08_RI_03,Whale Bay,2021-05-29,2021,6,20,0.65,15.068
PWS_B08_RI_03,Whale Bay,2019-06-05,2019,1,20,0.52,23.544
PWS_B08_RI_03,Whale Bay,2019-06-05,2019,2,20,0.76,11.022
PWS_B08_RI_03,Whale Bay,2019-06-05,2019,3,20,0.58,18.924
PWS_B08_RI_03,Whale Bay,2019-06-05,2019,4,20,0.37,46.503
PWS_B08_RI_03,Whale Bay,2019-06-05,2019,5,20,0.24,110.524
PWS_B08_RI_03,Whale Bay,2019-06-05,2019,6,15,1,4.775
PWS_B08_RI_03,Whale Bay,2018-06-01,2018,1,20,0.97,6.766
PWS_B08_RI_03,Whale Bay,2018-06-01,2018,2,20,0.64,15.542
PWS_B08_RI_03,Whale Bay,2018-06-01,2018,3,20,0.65,15.068
PWS_B08_RI_03,Whale Bay,2018-06-01,2018,4,20,0.47,28.819
PWS_B08_RI_03,Whale Bay,2018-06-01,2018,5,20,0.52,23.544
PWS_B08_RI_03,Whale Bay,2018-06-01,2018,6,20,0.14,324.806
PWS_B08_RI_03,Whale Bay,2017-05-24,2017,1,5,1,1.592
PWS_B08_RI_03,Whale Bay,2017-05-24,2017,2,20,0.45,31.438
PWS_B08_RI_03,Whale Bay,2017-05-24,2017,3,20,0.58,18.924
PWS_B08_RI_03,Whale Bay,2017-05-24,2017,4,1,1,0.318
PWS_B08_RI_03,Whale Bay,2017-05-24,2017,5,20,0.59,18.288
PWS_B08_RI_03,Whale Bay,2017-05-24,2017,6,15,1,4.775
PWS_B08_RI_03,Whale Bay,2016-06-04,2016,1,20,0.6,17.684
PWS_B08_RI_03,Whale Bay,2016-06-04,2016,2,0,1,0
PWS_B08_RI_03,Whale Bay,2016-06-04,2016,3,20,0.46,30.086
PWS_B08_RI_03,Whale Bay,2016-06-04,2016,4,2,1,0.637
PWS_B08_RI_03,Whale Bay,2016-06-04,2016,5,20,0.66,14.615
PWS_B08_RI_03,Whale Bay,2016-06-04,2016,6,20,0.31,66.246
PWS_B08_RI_03,Whale Bay,2015-06-05,2015,1,20,0.75,11.318
PWS_B08_RI_03,Whale Bay,2015-06-05,2015,2,20,0.7,12.992
PWS_B08_RI_03,Whale Bay,2015-06-05,2015,3,3,1,0.955
PWS_B08_RI_03,Whale Bay,2015-06-05,2015,4,7,1,2.228
PWS_B08_RI_03,Whale Bay,2015-06-05,2015,5,20,0.45,31.438
PWS_B08_RI_03,Whale Bay,2015-06-05,2015,6,18,1,5.73
PWS_B08_RI_03,Whale Bay,2014-06-27,2014,1,20,0.08,994.718
PWS_B08_RI_03,Whale Bay,2014-06-27,2014,2,20,0.15,282.942
PWS_B08_RI_03,Whale Bay,2014-06-27,2014,3,20,0.3,70.736
PWS_B08_RI_03,Whale Bay,2014-06-27,2014,4,20,1,6.366
PWS_B08_RI_03,Whale Bay,2014-06-27,2014,5,10,4,0.199
PWS_B08_RI_03,Whale Bay,2014-06-27,2014,6,20,1.7,2.203
PWS_B08_RI_03,Whale Bay,2013-06-22,2013,1,20,2.3,1.203
PWS_B08_RI_03,Whale Bay,2013-06-22,2013,2,20,3.1,0.662
PWS_B08_RI_03,Whale Bay,2013-06-22,2013,3,20,2,1.592
PWS_B08_RI_03,Whale Bay,2013-06-22,2013,4,20,4.9,0.265
PWS_B08_RI_03,Whale Bay,2013-06-22,2013,5,20,6.2,0.166
PWS_B08_RI_03,Whale Bay,2013-06-22,2013,6,9,9,0.035
PWS_B08_RI_03,Whale Bay,2012-06-18,2012,1,20,2.5,1.019
PWS_B08_RI_03,Whale Bay,2012-06-18,2012,2,20,2.5,1.019
PWS_B08_RI_03,Whale Bay,2012-06-18,2012,3,20,0.4,39.789
PWS_B08_RI_03,Whale Bay,2012-06-18,2012,4,20,5,0.255
PWS_B08_RI_03,Whale Bay,2012-06-18,2012,5,20,5.2,0.235
PWS_B08_RI_03,Whale Bay,2012-06-18,2012,6,20,0.7,12.992
PWS_B08_RI_03,Whale Bay,2011-06-12,2011,1,20,3.1,0.331
PWS_B08_RI_03,Whale Bay,2011-06-12,2011,2,20,2.7,0.437
PWS_B08_RI_03,Whale Bay,2011-06-12,2011,3,20,1.9,0.882
PWS_B08_RI_03,Whale Bay,2011-06-12,2011,4,20,5.5,0.105
PWS_B08_RI_03,Whale Bay,2011-06-12,2011,5,20,4.8,0.138
PWS_B08_RI_03,Whale Bay,2011-06-12,2011,6,20,2.7,0.437
PWS_B08_RI_03,Whale Bay,2010-06-25,2010,1,20,2,0.796
PWS_B08_RI_03,Whale Bay,2010-06-25,2010,2,20,1.7,1.101
PWS_B08_RI_03,Whale Bay,2010-06-25,2010,3,20,1.9,0.882
PWS_B08_RI_03,Whale Bay,2010-06-25,2010,4,20,0.48,13.816
PWS_B08_RI_03,Whale Bay,2010-06-25,2010,5,20,4.3,0.172
PWS_B08_RI_03,Whale Bay,2010-06-25,2010,6,20,3,0.354
PWS_B08_RI_04,Johnson Bay,2023-05-19,2023,1,20,0.31,66.246
PWS_B08_RI_04,Johnson Bay,2023-05-19,2023,2,20,0.29,75.698
PWS_B08_RI_04,Johnson Bay,2023-05-19,2023,3,14,1,4.456
PWS_B08_RI_04,Johnson Bay,2023-05-19,2023,4,20,0.41,37.871
PWS_B08_RI_04,Johnson Bay,2023-05-19,2023,5,20,0.37,46.503
PWS_B08_RI_04,Johnson Bay,2023-05-19,2023,6,20,0.27,87.328
PWS_B08_RI_04,Johnson Bay,2022-05-30,2022,1,20,0.4,39.789
PWS_B08_RI_04,Johnson Bay,2022-05-30,2022,2,20,0.83,9.241
PWS_B08_RI_04,Johnson Bay,2022-05-30,2022,3,20,0.77,10.737
PWS_B08_RI_04,Johnson Bay,2022-05-30,2022,4,20,0.42,36.09
PWS_B08_RI_04,Johnson Bay,2022-05-30,2022,5,20,0.72,12.28
PWS_B08_RI_04,Johnson Bay,2022-05-30,2022,6,20,0.33,58.459
PWS_B08_RI_04,Johnson Bay,2021-05-28,2021,1,20,0.87,8.411
PWS_B08_RI_04,Johnson Bay,2021-05-28,2021,2,20,0.26,94.175
PWS_B08_RI_04,Johnson Bay,2021-05-28,2021,3,20,0.7,12.992
PWS_B08_RI_04,Johnson Bay,2021-05-28,2021,4,20,0.36,49.122
PWS_B08_RI_04,Johnson Bay,2021-05-28,2021,5,20,0.69,13.372
PWS_B08_RI_04,Johnson Bay,2021-05-28,2021,6,20,0.66,14.615
PWS_B08_RI_04,Johnson Bay,2019-06-06,2019,1,20,0.43,34.43
PWS_B08_RI_04,Johnson Bay,2019-06-06,2019,2,20,0.31,66.246
PWS_B08_RI_04,Johnson Bay,2019-06-06,2019,3,20,0.28,81.202
PWS_B08_RI_04,Johnson Bay,2019-06-06,2019,4,20,1,6.366
PWS_B08_RI_04,Johnson Bay,2019-06-06,2019,5,20,0.37,46.503
PWS_B08_RI_04,Johnson Bay,2019-06-06,2019,6,20,0.65,15.068
PWS_B08_RI_04,Johnson Bay,2018-05-31,2018,1,20,0.53,22.664
PWS_B08_RI_04,Johnson Bay,2018-05-31,2018,2,20,0.2,159.155
PWS_B08_RI_04,Johnson Bay,2018-05-31,2018,3,20,0.41,37.871
PWS_B08_RI_04,Johnson Bay,2018-05-31,2018,4,20,0.34,55.071
PWS_B08_RI_04,Johnson Bay,2018-05-31,2018,5,20,0.69,13.372
PWS_B08_RI_04,Johnson Bay,2018-05-31,2018,6,20,0.24,110.524
PWS_B08_RI_04,Johnson Bay,2017-05-26,2017,1,20,0.64,15.542
PWS_B08_RI_04,Johnson Bay,2017-05-26,2017,2,20,0.36,49.122
PWS_B08_RI_04,Johnson Bay,2017-05-26,2017,3,20,0.82,9.468
PWS_B08_RI_04,Johnson Bay,2017-05-26,2017,4,20,0.42,36.09
PWS_B08_RI_04,Johnson Bay,2017-05-26,2017,5,20,0.72,12.28
PWS_B08_RI_04,Johnson Bay,2017-05-26,2017,6,20,0.99,6.495
PWS_B08_RI_04,Johnson Bay,2016-06-03,2016,1,20,1,6.366
PWS_B08_RI_04,Johnson Bay,2016-06-03,2016,2,20,0.43,34.43
PWS_B08_RI_04,Johnson Bay,2016-06-03,2016,3,20,0.22,131.533
PWS_B08_RI_04,Johnson Bay,2016-06-03,2016,4,20,0.3,70.736
PWS_B08_RI_04,Johnson Bay,2016-06-03,2016,5,20,0.57,19.594
PWS_B08_RI_04,Johnson Bay,2016-06-03,2016,6,20,0.26,94.175
PWS_B08_RI_04,Johnson Bay,2015-06-02,2015,1,20,0.3,70.736
PWS_B08_RI_04,Johnson Bay,2015-06-02,2015,2,20,0.59,18.288
PWS_B08_RI_04,Johnson Bay,2015-06-02,2015,3,20,0.25,101.859
PWS_B08_RI_04,Johnson Bay,2015-06-02,2015,4,20,0.78,10.464
PWS_B08_RI_04,Johnson Bay,2015-06-02,2015,5,20,0.62,16.561
PWS_B08_RI_04,Johnson Bay,2015-06-02,2015,6,20,0.65,15.068
PWS_B08_RI_04,Johnson Bay,2014-06-26,2014,1,20,0.7,12.992
PWS_B08_RI_04,Johnson Bay,2014-06-26,2014,2,20,0.7,12.992
PWS_B08_RI_04,Johnson Bay,2014-06-26,2014,3,20,0.4,39.789
PWS_B08_RI_04,Johnson Bay,2014-06-26,2014,4,20,0.2,159.155
PWS_B08_RI_04,Johnson Bay,2014-06-26,2014,5,20,0.3,70.736
PWS_B08_RI_04,Johnson Bay,2014-06-26,2014,6,20,0.45,31.438
PWS_B08_RI_04,Johnson Bay,2013-06-20,2013,1,20,1.1,5.261
PWS_B08_RI_04,Johnson Bay,2013-06-20,2013,2,20,0.5,25.465
PWS_B08_RI_04,Johnson Bay,2013-06-20,2013,3,20,1,6.366
PWS_B08_RI_04,Johnson Bay,2013-06-20,2013,4,20,0.3,70.736
PWS_B08_RI_04,Johnson Bay,2013-06-20,2013,5,20,0.4,39.789
PWS_B08_RI_04,Johnson Bay,2013-06-20,2013,6,20,0.3,70.736
PWS_B08_RI_04,Johnson Bay,2012-06-17,2012,1,20,0.5,25.465
PWS_B08_RI_04,Johnson Bay,2012-06-17,2012,2,20,0.45,31.438
PWS_B08_RI_04,Johnson Bay,2012-06-17,2012,3,20,0.3,70.736
PWS_B08_RI_04,Johnson Bay,2012-06-17,2012,4,20,0.5,25.465
PWS_B08_RI_04,Johnson Bay,2012-06-17,2012,5,20,0.5,25.465
PWS_B08_RI_04,Johnson Bay,2012-06-17,2012,6,20,0.3,70.736
PWS_B08_RI_04,Johnson Bay,2011-06-19,2011,1,20,2.5,0.509
PWS_B08_RI_04,Johnson Bay,2011-06-19,2011,2,20,0.5,12.732
PWS_B08_RI_04,Johnson Bay,2011-06-19,2011,3,20,0.6,8.842
PWS_B08_RI_04,Johnson Bay,2011-06-19,2011,4,20,0.8,4.974
PWS_B08_RI_04,Johnson Bay,2011-06-19,2011,5,20,1,3.183
PWS_B08_RI_04,Johnson Bay,2011-06-19,2011,6,20,0.5,12.732
PWS_B08_RI_04,Johnson Bay,2010-06-24,2010,1,20,0.53,11.332
PWS_B08_RI_04,Johnson Bay,2010-06-24,2010,2,20,0.75,5.659
PWS_B08_RI_04,Johnson Bay,2010-06-24,2010,3,20,0.58,9.462
PWS_B08_RI_04,Johnson Bay,2010-06-24,2010,4,20,1.04,2.943
PWS_B08_RI_04,Johnson Bay,2010-06-24,2010,5,20,0.88,4.11
PWS_B08_RI_04,Johnson Bay,2010-06-24,2010,6,20,0.44,16.442
PWS_B08_RI_05,Herring Bay,2023-05-18,2023,1,20,0.41,37.871
PWS_B08_RI_05,Herring Bay,2023-05-18,2023,2,20,0.35,51.969
PWS_B08_RI_05,Herring Bay,2023-05-18,2023,3,20,0.52,23.544
PWS_B08_RI_05,Herring Bay,2023-05-18,2023,4,20,0.36,49.122
PWS_B08_RI_05,Herring Bay,2023-05-18,2023,5,20,0.17,220.284
PWS_B08_RI_05,Herring Bay,2023-05-18,2023,6,20,0.16,248.68
PWS_B08_RI_05,Herring Bay,2022-05-29,2022,1,20,0.55,21.045
PWS_B08_RI_05,Herring Bay,2022-05-29,2022,2,20,0.35,51.969
PWS_B08_RI_05,Herring Bay,2022-05-29,2022,3,20,0.26,94.175
PWS_B08_RI_05,Herring Bay,2022-05-29,2022,4,21,0.26,98.883
PWS_B08_RI_05,Herring Bay,2022-05-29,2022,5,20,0.44,32.883
PWS_B08_RI_05,Herring Bay,2022-05-29,2022,6,20,0.49,26.515
PWS_B08_RI_05,Herring Bay,2021-05-27,2021,1,20,1,6.366
PWS_B08_RI_05,Herring Bay,2021-05-27,2021,2,20,0.98,6.629
PWS_B08_RI_05,Herring Bay,2021-05-27,2021,3,20,0.35,51.969
PWS_B08_RI_05,Herring Bay,2021-05-27,2021,4,20,0.65,15.068
PWS_B08_RI_05,Herring Bay,2021-05-27,2021,5,20,0.26,94.175
PWS_B08_RI_05,Herring Bay,2021-05-27,2021,6,20,0.98,6.629
PWS_B08_RI_05,Herring Bay,2019-06-07,2019,1,20,0.49,26.515
PWS_B08_RI_05,Herring Bay,2019-06-07,2019,2,20,0.99,6.495
PWS_B08_RI_05,Herring Bay,2019-06-07,2019,3,20,0.78,10.464
PWS_B08_RI_05,Herring Bay,2019-06-07,2019,4,20,0.81,9.703
PWS_B08_RI_05,Herring Bay,2019-06-07,2019,5,20,0.53,22.664
PWS_B08_RI_05,Herring Bay,2019-06-07,2019,6,20,0.52,23.544
PWS_B08_RI_05,Herring Bay,2018-05-30,2018,1,20,0.35,51.969
PWS_B08_RI_05,Herring Bay,2018-05-30,2018,2,20,0.28,81.202
PWS_B08_RI_05,Herring Bay,2018-05-30,2018,3,20,0.44,32.883
PWS_B08_RI_05,Herring Bay,2018-05-30,2018,4,20,0.44,32.883
PWS_B08_RI_05,Herring Bay,2018-05-30,2018,5,20,0.52,23.544
PWS_B08_RI_05,Herring Bay,2018-05-30,2018,6,20,0.38,44.087
PWS_B08_RI_05,Herring Bay,2017-05-28,2017,1,20,0.64,15.542
PWS_B08_RI_05,Herring Bay,2017-05-28,2017,2,20,0.84,9.022
PWS_B08_RI_05,Herring Bay,2017-05-28,2017,3,12,1,3.82
PWS_B08_RI_05,Herring Bay,2017-05-28,2017,4,7,1,2.228
PWS_B08_RI_05,Herring Bay,2017-05-28,2017,5,18,1,5.73
PWS_B08_RI_05,Herring Bay,2017-05-28,2017,6,20,0.49,26.515
PWS_B08_RI_05,Herring Bay,2016-06-02,2016,1,20,0.8,9.947
PWS_B08_RI_05,Herring Bay,2016-06-02,2016,2,20,0.58,18.924
PWS_B08_RI_05,Herring Bay,2016-06-02,2016,3,20,0.57,19.594
PWS_B08_RI_05,Herring Bay,2016-06-02,2016,4,20,0.6,17.684
PWS_B08_RI_05,Herring Bay,2016-06-02,2016,5,20,0.23,120.344
PWS_B08_RI_05,Herring Bay,2016-06-02,2016,6,20,0.76,11.022
PWS_B08_RI_05,Herring Bay,2015-06-01,2015,1,20,0.73,11.946
PWS_B08_RI_05,Herring Bay,2015-06-01,2015,2,20,0.35,51.969
PWS_B08_RI_05,Herring Bay,2015-06-01,2015,3,20,0.45,31.438
PWS_B08_RI_05,Herring Bay,2015-06-01,2015,4,20,0.53,22.664
PWS_B08_RI_05,Herring Bay,2015-06-01,2015,5,20,0.85,8.811
PWS_B08_RI_05,Herring Bay,2015-06-01,2015,6,20,0.23,120.344
PWS_B08_RI_05,Herring Bay,2014-06-25,2014,1,20,0.4,39.789
PWS_B08_RI_05,Herring Bay,2014-06-25,2014,2,20,0.6,17.684
PWS_B08_RI_05,Herring Bay,2014-06-25,2014,3,20,0.6,17.684
PWS_B08_RI_05,Herring Bay,2014-06-25,2014,4,20,1,6.366
PWS_B08_RI_05,Herring Bay,2014-06-25,2014,5,20,0.7,12.992
PWS_B08_RI_05,Herring Bay,2014-06-25,2014,6,20,0.3,70.736
PWS_B08_RI_05,Herring Bay,2013-06-27,2013,1,20,0.09,785.95
PWS_B08_RI_05,Herring Bay,2013-06-27,2013,2,20,0.6,17.684
PWS_B08_RI_05,Herring Bay,2013-06-27,2013,3,20,1,6.366
PWS_B08_RI_05,Herring Bay,2013-06-27,2013,4,20,0.3,70.736
PWS_B08_RI_05,Herring Bay,2013-06-27,2013,5,20,0.57,19.594
PWS_B08_RI_05,Herring Bay,2013-06-27,2013,6,20,0.5,25.465
PWS_B08_RI_05,Herring Bay,2012-06-21,2012,1,20,2.5,1.019
PWS_B08_RI_05,Herring Bay,2012-06-21,2012,2,20,0.45,31.438
PWS_B08_RI_05,Herring Bay,2012-06-21,2012,3,20,2,1.592
PWS_B08_RI_05,Herring Bay,2012-06-21,2012,4,20,1.4,3.248
PWS_B08_RI_05,Herring Bay,2012-06-21,2012,5,20,1.1,5.261
PWS_B08_RI_05,Herring Bay,2012-06-21,2012,6,20,0.7,12.992
PWS_B08_RI_05,Herring Bay,2011-06-17,2011,1,20,0.4,19.894
PWS_B08_RI_05,Herring Bay,2011-06-17,2011,2,20,0.35,25.984
PWS_B08_RI_05,Herring Bay,2011-06-17,2011,3,20,0.3,35.368
PWS_B08_RI_05,Herring Bay,2011-06-17,2011,4,20,0.4,19.894
PWS_B08_RI_05,Herring Bay,2011-06-17,2011,5,20,1.4,1.624
PWS_B08_RI_05,Herring Bay,2011-06-17,2011,6,20,0.8,4.974
PWS_B08_RI_05,Herring Bay,2010-06-23,2010,1,20,0.66,7.307
PWS_B08_RI_05,Herring Bay,2010-06-23,2010,2,20,1.1,2.631
PWS_B08_RI_05,Herring Bay,2010-06-23,2010,3,20,0.38,22.044
PWS_B08_RI_05,Herring Bay,2010-06-23,2010,4,20,2.9,0.378
PWS_B08_RI_05,Herring Bay,2010-06-23,2010,5,20,0.6,8.842
PWS_B08_RI_05,Herring Bay,2010-06-23,2010,6,20,2.4,0.553
PWS_B09_RE_01,Galena Bay,2014-05-27,2014,1,20,0.15,282.942
PWS_B09_RE_01,Galena Bay,2014-05-27,2014,2,20,0.55,21.045
PWS_B09_RE_01,Galena Bay,2014-05-27,2014,3,20,0.25,101.859
PWS_B09_RE_01,Galena Bay,2014-05-27,2014,4,20,0.8,9.947
PWS_B09_RE_01,Galena Bay,2014-05-27,2014,5,20,0.3,70.736
PWS_B09_RE_01,Galena Bay,2014-05-27,2014,6,20,1,6.366
PWS_B09_RE_01,Galena Bay,2012-07-06,2012,1,20,0.7,6.496
PWS_B09_RE_01,Galena Bay,2012-07-06,2012,2,20,0.3,35.368
PWS_B09_RE_01,Galena Bay,2012-07-06,2012,3,20,0.8,4.974
PWS_B09_RE_01,Galena Bay,2012-07-06,2012,4,20,0.7,6.496
PWS_B09_RE_01,Galena Bay,2012-07-06,2012,5,21,0.2,83.556
PWS_B09_RE_01,Galena Bay,2012-07-06,2012,6,20,0.3,35.368
PWS_B09_RE_02,Port Fidalgo,2014-05-28,2014,1,20,0.5,25.465
PWS_B09_RE_02,Port Fidalgo,2014-05-28,2014,2,20,0.6,17.684
PWS_B09_RE_02,Port Fidalgo,2014-05-28,2014,3,20,0.4,39.789
PWS_B09_RE_02,Port Fidalgo,2014-05-28,2014,4,20,0.55,21.045
PWS_B09_RE_02,Port Fidalgo,2014-05-28,2014,5,20,0.1,636.62
PWS_B09_RE_02,Port Fidalgo,2014-05-28,2014,6,20,0.25,101.859
PWS_B09_RE_02,Port Fidalgo,2012-07-05,2012,1,20,2,0.796
PWS_B09_RE_02,Port Fidalgo,2012-07-05,2012,2,20,1.2,2.21
PWS_B09_RE_02,Port Fidalgo,2012-07-05,2012,3,20,1.3,1.883
PWS_B09_RE_02,Port Fidalgo,2012-07-05,2012,4,20,2,0.796
PWS_B09_RE_02,Port Fidalgo,2012-07-05,2012,5,20,0.6,8.842
PWS_B09_RE_02,Port Fidalgo,2012-07-05,2012,6,20,1,3.183
PWS_B09_RE_03,Olsen  Bay,2014-05-31,2014,1,20,0.3,70.736
PWS_B09_RE_03,Olsen  Bay,2014-05-31,2014,2,20,1.2,4.421
PWS_B09_RE_03,Olsen  Bay,2014-05-31,2014,3,20,0.2,159.155
PWS_B09_RE_03,Olsen  Bay,2014-05-31,2014,4,20,1,6.366
PWS_B09_RE_03,Olsen  Bay,2014-05-31,2014,5,20,1.2,4.421
PWS_B09_RE_03,Olsen  Bay,2014-05-31,2014,6,20,0.4,39.789
PWS_B09_RE_03,Olsen  Bay,2012-07-04,2012,1,20,1.2,2.21
PWS_B09_RE_03,Olsen  Bay,2012-07-04,2012,2,20,4.4,0.164
PWS_B09_RE_03,Olsen  Bay,2012-07-04,2012,3,20,0.3,35.368
PWS_B09_RE_03,Olsen  Bay,2012-07-04,2012,4,20,0.6,8.842
PWS_B09_RE_03,Olsen  Bay,2012-07-04,2012,5,20,0.7,6.496
PWS_B09_RE_03,Olsen  Bay,2012-07-04,2012,6,20,1.3,1.883
PWS_B09_RE_04,Simpson Bay,2014-05-29,2014,1,20,0.5,25.465
PWS_B09_RE_04,Simpson Bay,2014-05-29,2014,2,20,2.2,1.315
PWS_B09_RE_04,Simpson Bay,2014-05-29,2014,3,20,0.75,11.318
PWS_B09_RE_04,Simpson Bay,2014-05-29,2014,4,20,1.75,2.079
PWS_B09_RE_04,Simpson Bay,2014-05-29,2014,5,20,0.2,159.155
PWS_B09_RE_04,Simpson Bay,2014-05-29,2014,6,20,0.25,101.859
PWS_B09_RE_04,Simpson Bay,2012-07-02,2012,1,20,1,3.183
PWS_B09_RE_04,Simpson Bay,2012-07-02,2012,2,20,2,0.796
PWS_B09_RE_04,Simpson Bay,2012-07-02,2012,3,20,1.4,1.624
PWS_B09_RE_04,Simpson Bay,2012-07-02,2012,4,20,0.9,3.93
PWS_B09_RE_04,Simpson Bay,2012-07-02,2012,5,20,1.5,1.415
PWS_B09_RE_04,Simpson Bay,2012-07-02,2012,6,20,0.4,19.894
PWS_B09_RE_05,Observation Island,2014-06-01,2014,1,20,0.45,31.438
PWS_B09_RE_05,Observation Island,2014-06-01,2014,2,20,0.3,70.736
PWS_B09_RE_05,Observation Island,2014-06-01,2014,3,20,0.2,159.155
PWS_B09_RE_05,Observation Island,2014-06-01,2014,4,20,0.16,248.68
PWS_B09_RE_05,Observation Island,2014-06-01,2014,5,20,0.16,248.68
PWS_B09_RE_05,Observation Island,2014-06-01,2014,6,20,0.15,282.942
PWS_B09_RE_05,Observation Island,2012-07-03,2012,1,20,3.8,0.22
PWS_B09_RE_05,Observation Island,2012-07-03,2012,2,20,0.6,8.842
PWS_B09_RE_05,Observation Island,2012-07-03,2012,3,20,1.3,1.883
PWS_B09_RE_05,Observation Island,2012-07-03,2012,4,20,1.6,1.243
PWS_B09_RE_05,Observation Island,2012-07-03,2012,5,20,0.8,4.974
PWS_B09_RE_05,Observation Island,2012-07-03,2012,6,20,1.6,1.243
